field	n_present	n_missing	present_pct	types
CNB_raw.adt36_a_adt36a_ca_cr	218	13	0.9437	float,int
CNB_raw.adt36_a_adt36a_ca_er	218	13	0.9437	float,int
CNB_raw.adt36_a_adt36a_ca_rtcr	218	13	0.9437	float,int
CNB_raw.adt36_a_adt36a_ca_rter	218	13	0.9437	float,int
CNB_raw.adt36_a_adt36a_cr	218	13	0.9437	float,int
CNB_raw.adt36_a_adt36a_er	218	13	0.9437	float,int
CNB_raw.adt36_a_adt36a_female_cr	218	13	0.9437	float,int
CNB_raw.adt36_a_adt36a_female_rtcr	218	13	0.9437	float,int
CNB_raw.adt36_a_adt36a_male_cr	218	13	0.9437	float,int
CNB_raw.adt36_a_adt36a_male_rtcr	218	13	0.9437	float,int
CNB_raw.adt36_a_adt36a_nonca_cr	218	13	0.9437	float,int
CNB_raw.adt36_a_adt36a_nonca_er	218	13	0.9437	float,int
CNB_raw.adt36_a_adt36a_nonca_rtcr	218	13	0.9437	float,int
CNB_raw.adt36_a_adt36a_nonca_rter	215	16	0.9307	float,int
CNB_raw.adt36_a_adt36a_ns_cr	218	13	0.9437	float,int
CNB_raw.adt36_a_adt36a_ns_rtcr	218	13	0.9437	float,int
CNB_raw.adt36_a_adt36a_rtcr	218	13	0.9437	float,int
CNB_raw.adt36_a_adt36a_rter	218	13	0.9437	float,int
CNB_raw.adt36_a_adt36a_same_cr	218	13	0.9437	float,int
CNB_raw.adt36_a_adt36a_same_rtcr	217	14	0.9394	float,int
CNB_raw.adt36_a_valid_code	219	12	0.9481	str
CNB_raw.adt36_b_adt36b_ca_cr	1	230	0.0043	float
CNB_raw.adt36_b_adt36b_ca_er	1	230	0.0043	float
CNB_raw.adt36_b_adt36b_ca_rtcr	1	230	0.0043	float
CNB_raw.adt36_b_adt36b_ca_rter	1	230	0.0043	float
CNB_raw.adt36_b_adt36b_cr	1	230	0.0043	float
CNB_raw.adt36_b_adt36b_er	1	230	0.0043	float
CNB_raw.adt36_b_adt36b_female_cr	1	230	0.0043	float
CNB_raw.adt36_b_adt36b_female_rtcr	1	230	0.0043	float
CNB_raw.adt36_b_adt36b_male_cr	1	230	0.0043	float
CNB_raw.adt36_b_adt36b_male_rtcr	1	230	0.0043	float
CNB_raw.adt36_b_adt36b_nonca_cr	1	230	0.0043	float
CNB_raw.adt36_b_adt36b_nonca_er	1	230	0.0043	float
CNB_raw.adt36_b_adt36b_nonca_rtcr	1	230	0.0043	float
CNB_raw.adt36_b_adt36b_nonca_rter	1	230	0.0043	float
CNB_raw.adt36_b_adt36b_ns_cr	1	230	0.0043	float
CNB_raw.adt36_b_adt36b_ns_rtcr	1	230	0.0043	float
CNB_raw.adt36_b_adt36b_rtcr	1	230	0.0043	float
CNB_raw.adt36_b_adt36b_rter	1	230	0.0043	float
CNB_raw.adt36_b_adt36b_same_cr	1	230	0.0043	float
CNB_raw.adt36_b_adt36b_same_rtcr	1	230	0.0043	float
CNB_raw.adt36_b_valid_code	1	230	0.0043	str
CNB_raw.cnb_battery	227	4	0.9827	str
CNB_raw.cnb_datasetid	227	4	0.9827	int
CNB_raw.cnb_handedness	227	4	0.9827	str
CNB_raw.cnb_siteid	227	4	0.9827	str
CNB_raw.cnb_valid_code	222	9	0.9610	str
CNB_raw.cpf_a_cpf_cr	7	224	0.0303	float
CNB_raw.cpf_a_cpf_er	7	224	0.0303	float
CNB_raw.cpf_a_cpf_fn	7	224	0.0303	float
CNB_raw.cpf_a_cpf_fnrt	6	225	0.0260	float
CNB_raw.cpf_a_cpf_fp	7	224	0.0303	float
CNB_raw.cpf_a_cpf_fprt	7	224	0.0303	float
CNB_raw.cpf_a_cpf_rt	7	224	0.0303	float
CNB_raw.cpf_a_cpf_rtcr	7	224	0.0303	float
CNB_raw.cpf_a_cpf_rter	7	224	0.0303	float
CNB_raw.cpf_a_cpf_tn	7	224	0.0303	float
CNB_raw.cpf_a_cpf_tnrt	7	224	0.0303	float
CNB_raw.cpf_a_cpf_tp	7	224	0.0303	float
CNB_raw.cpf_a_cpf_tprt	7	224	0.0303	float
CNB_raw.cpf_a_cpf_w_rtcr	7	224	0.0303	float
CNB_raw.cpf_a_cpf_w_rter	7	224	0.0303	float
CNB_raw.cpf_a_valid_code	7	224	0.0303	str
CNB_raw.cpf_b_cpf_cr	213	18	0.9221	float,int
CNB_raw.cpf_b_cpf_er	213	18	0.9221	float,int
CNB_raw.cpf_b_cpf_fn	213	18	0.9221	float,int
CNB_raw.cpf_b_cpf_fnrt	174	57	0.7532	float,int
CNB_raw.cpf_b_cpf_fp	213	18	0.9221	float,int
CNB_raw.cpf_b_cpf_fprt	186	45	0.8052	float,int
CNB_raw.cpf_b_cpf_rt	213	18	0.9221	float,int
CNB_raw.cpf_b_cpf_rtcr	213	18	0.9221	float,int
CNB_raw.cpf_b_cpf_rter	202	29	0.8745	float,int
CNB_raw.cpf_b_cpf_tn	213	18	0.9221	float,int
CNB_raw.cpf_b_cpf_tnrt	213	18	0.9221	float,int
CNB_raw.cpf_b_cpf_tp	213	18	0.9221	float,int
CNB_raw.cpf_b_cpf_tprt	213	18	0.9221	float,int
CNB_raw.cpf_b_cpf_w_rtcr	213	18	0.9221	float,int
CNB_raw.cpf_b_cpf_w_rter	202	29	0.8745	float,int
CNB_raw.cpf_b_valid_code	213	18	0.9221	str
CNB_raw.er40_a_er40_ang	1	230	0.0043	float
CNB_raw.er40_a_er40_angrt	1	230	0.0043	float
CNB_raw.er40_a_er40_cr	1	230	0.0043	float
CNB_raw.er40_a_er40_fc	1	230	0.0043	float
CNB_raw.er40_a_er40_fcrt	1	230	0.0043	float
CNB_raw.er40_a_er40_fear	1	230	0.0043	float
CNB_raw.er40_a_er40_fearrt	1	230	0.0043	float
CNB_raw.er40_a_er40_hap	1	230	0.0043	float
CNB_raw.er40_a_er40_haprt	1	230	0.0043	float
CNB_raw.er40_a_er40_mc	1	230	0.0043	float
CNB_raw.er40_a_er40_mcrt	1	230	0.0043	float
CNB_raw.er40_a_er40_noe	1	230	0.0043	float
CNB_raw.er40_a_er40_noert	1	230	0.0043	float
CNB_raw.er40_a_er40_rt	1	230	0.0043	float
CNB_raw.er40_a_er40_rtcr	1	230	0.0043	float
CNB_raw.er40_a_er40_sad	1	230	0.0043	float
CNB_raw.er40_a_er40_sadrt	1	230	0.0043	float
CNB_raw.er40_a_valid_code	1	230	0.0043	str
CNB_raw.er40_d_er40d_ang	218	13	0.9437	float,int
CNB_raw.er40_d_er40d_angrt	218	13	0.9437	float,int
CNB_raw.er40_d_er40d_cr	218	13	0.9437	float,int
CNB_raw.er40_d_er40d_fc	218	13	0.9437	float,int
CNB_raw.er40_d_er40d_fcrt	218	13	0.9437	float,int
CNB_raw.er40_d_er40d_fear	218	13	0.9437	float,int
CNB_raw.er40_d_er40d_fearrt	218	13	0.9437	float,int
CNB_raw.er40_d_er40d_hap	218	13	0.9437	float,int
CNB_raw.er40_d_er40d_haprt	218	13	0.9437	float,int
CNB_raw.er40_d_er40d_mc	218	13	0.9437	float,int
CNB_raw.er40_d_er40d_mcrt	218	13	0.9437	float,int
CNB_raw.er40_d_er40d_noe	218	13	0.9437	float,int
CNB_raw.er40_d_er40d_noert	218	13	0.9437	float,int
CNB_raw.er40_d_er40d_rt	218	13	0.9437	float,int
CNB_raw.er40_d_er40d_rtcr	218	13	0.9437	float,int
CNB_raw.er40_d_er40d_sad	218	13	0.9437	float,int
CNB_raw.er40_d_er40d_sadrt	218	13	0.9437	float,int
CNB_raw.er40_d_valid_code	218	13	0.9437	str
CNB_raw.gng150_gng150_cr	195	36	0.8442	float,int
CNB_raw.gng150_gng150_fn	195	36	0.8442	float,int
CNB_raw.gng150_gng150_fp	195	36	0.8442	float,int
CNB_raw.gng150_gng150_rt	195	36	0.8442	float,int
CNB_raw.gng150_gng150_rtcr	195	36	0.8442	float,int
CNB_raw.gng150_gng150_rter	172	59	0.7446	float,int
CNB_raw.gng150_gng150_tn	195	36	0.8442	float,int
CNB_raw.gng150_gng150_tp	195	36	0.8442	float,int
CNB_raw.gng150_valid_code	198	33	0.8571	str
CNB_raw.kcpw_a_cpw_cr	220	11	0.9524	float,int
CNB_raw.kcpw_a_cpw_er	220	11	0.9524	float,int
CNB_raw.kcpw_a_cpw_fn	220	11	0.9524	float,int
CNB_raw.kcpw_a_cpw_fnrt	139	92	0.6017	float,int
CNB_raw.kcpw_a_cpw_fp	220	11	0.9524	float,int
CNB_raw.kcpw_a_cpw_fprt	115	116	0.4978	float,int
CNB_raw.kcpw_a_cpw_rt	220	11	0.9524	float,int
CNB_raw.kcpw_a_cpw_rtcr	220	11	0.9524	float,int
CNB_raw.kcpw_a_cpw_rter	165	66	0.7143	float,int
CNB_raw.kcpw_a_cpw_tn	220	11	0.9524	float,int
CNB_raw.kcpw_a_cpw_tnrt	220	11	0.9524	float,int
CNB_raw.kcpw_a_cpw_tp	220	11	0.9524	float,int
CNB_raw.kcpw_a_cpw_tprt	220	11	0.9524	float,int
CNB_raw.kcpw_a_cpw_w_rtcr	220	11	0.9524	float,int
CNB_raw.kcpw_a_cpw_w_rter	165	66	0.7143	float,int
CNB_raw.kcpw_a_valid_code	220	11	0.9524	str
CNB_raw.kspvrt_b_kspvrtb_cr	1	230	0.0043	float
CNB_raw.kspvrt_b_kspvrtb_pc	1	230	0.0043	float
CNB_raw.kspvrt_b_kspvrtb_rtcr	1	230	0.0043	float
CNB_raw.kspvrt_b_kspvrtb_rter	1	230	0.0043	float
CNB_raw.kspvrt_b_kspvrtb_rtto	1	230	0.0043	float
CNB_raw.kspvrt_b_valid_code	1	230	0.0043	str
CNB_raw.kspvrt_d_kspvrtd_cr	218	13	0.9437	float,int
CNB_raw.kspvrt_d_kspvrtd_form	218	13	0.9437	str
CNB_raw.kspvrt_d_kspvrtd_pc	218	13	0.9437	float,int
CNB_raw.kspvrt_d_kspvrtd_rtcr	218	13	0.9437	float,int
CNB_raw.kspvrt_d_kspvrtd_rter	165	66	0.7143	float,int
CNB_raw.kspvrt_d_kspvrtd_rtto	218	13	0.9437	float,int
CNB_raw.kspvrt_d_valid_code	218	13	0.9437	str
CNB_raw.medf36_a_medf36a_ang_cr	219	12	0.9481	float,int
CNB_raw.medf36_a_medf36a_ang_er	219	12	0.9481	float,int
CNB_raw.medf36_a_medf36a_ang_rtcr	219	12	0.9481	float,int
CNB_raw.medf36_a_medf36a_ang_rter	199	32	0.8615	float,int
CNB_raw.medf36_a_medf36a_ca_cr	219	12	0.9481	float,int
CNB_raw.medf36_a_medf36a_ca_rtcr	219	12	0.9481	float,int
CNB_raw.medf36_a_medf36a_cr	219	12	0.9481	float,int
CNB_raw.medf36_a_medf36a_er	219	12	0.9481	float,int
CNB_raw.medf36_a_medf36a_fear_cr	219	12	0.9481	float,int
CNB_raw.medf36_a_medf36a_fear_er	219	12	0.9481	float,int
CNB_raw.medf36_a_medf36a_fear_rtcr	219	12	0.9481	float,int
CNB_raw.medf36_a_medf36a_fear_rter	208	23	0.9004	float,int
CNB_raw.medf36_a_medf36a_female_cr	219	12	0.9481	float,int
CNB_raw.medf36_a_medf36a_female_rtcr	219	12	0.9481	float,int
CNB_raw.medf36_a_medf36a_hap_cr	219	12	0.9481	float,int
CNB_raw.medf36_a_medf36a_hap_er	219	12	0.9481	float,int
CNB_raw.medf36_a_medf36a_hap_rtcr	219	12	0.9481	float,int
CNB_raw.medf36_a_medf36a_hap_rter	214	17	0.9264	float,int
CNB_raw.medf36_a_medf36a_male_cr	219	12	0.9481	float,int
CNB_raw.medf36_a_medf36a_male_rtcr	219	12	0.9481	float,int
CNB_raw.medf36_a_medf36a_nonca_cr	219	12	0.9481	float,int
CNB_raw.medf36_a_medf36a_nonca_rtcr	219	12	0.9481	float,int
CNB_raw.medf36_a_medf36a_ns_cr	219	12	0.9481	float,int
CNB_raw.medf36_a_medf36a_ns_rtcr	219	12	0.9481	float,int
CNB_raw.medf36_a_medf36a_rtcr	219	12	0.9481	float,int
CNB_raw.medf36_a_medf36a_rter	218	13	0.9437	float,int
CNB_raw.medf36_a_medf36a_sad_cr	219	12	0.9481	float,int
CNB_raw.medf36_a_medf36a_sad_er	219	12	0.9481	float,int
CNB_raw.medf36_a_medf36a_sad_rtcr	219	12	0.9481	float,int
CNB_raw.medf36_a_medf36a_sad_rter	158	73	0.6840	float,int
CNB_raw.medf36_a_medf36a_same_cr	219	12	0.9481	float,int
CNB_raw.medf36_a_medf36a_same_rtcr	216	15	0.9351	float,int
CNB_raw.medf36_a_valid_code	219	12	0.9481	str
CNB_raw.medf36_b_medf36b_ang_cr	1	230	0.0043	float
CNB_raw.medf36_b_medf36b_ang_er	1	230	0.0043	float
CNB_raw.medf36_b_medf36b_ang_rtcr	1	230	0.0043	float
CNB_raw.medf36_b_medf36b_ang_rter	1	230	0.0043	float
CNB_raw.medf36_b_medf36b_ca_cr	1	230	0.0043	float
CNB_raw.medf36_b_medf36b_ca_rtcr	1	230	0.0043	float
CNB_raw.medf36_b_medf36b_cr	1	230	0.0043	float
CNB_raw.medf36_b_medf36b_er	1	230	0.0043	float
CNB_raw.medf36_b_medf36b_fear_cr	1	230	0.0043	float
CNB_raw.medf36_b_medf36b_fear_er	1	230	0.0043	float
CNB_raw.medf36_b_medf36b_fear_rtcr	1	230	0.0043	float
CNB_raw.medf36_b_medf36b_fear_rter	1	230	0.0043	float
CNB_raw.medf36_b_medf36b_female_cr	1	230	0.0043	float
CNB_raw.medf36_b_medf36b_female_rtcr	1	230	0.0043	float
CNB_raw.medf36_b_medf36b_hap_cr	1	230	0.0043	float
CNB_raw.medf36_b_medf36b_hap_er	1	230	0.0043	float
CNB_raw.medf36_b_medf36b_hap_rtcr	1	230	0.0043	float
CNB_raw.medf36_b_medf36b_hap_rter	1	230	0.0043	float
CNB_raw.medf36_b_medf36b_male_cr	1	230	0.0043	float
CNB_raw.medf36_b_medf36b_male_rtcr	1	230	0.0043	float
CNB_raw.medf36_b_medf36b_nonca_cr	1	230	0.0043	float
CNB_raw.medf36_b_medf36b_nonca_rtcr	1	230	0.0043	float
CNB_raw.medf36_b_medf36b_ns_cr	1	230	0.0043	float
CNB_raw.medf36_b_medf36b_ns_rtcr	1	230	0.0043	float
CNB_raw.medf36_b_medf36b_rtcr	1	230	0.0043	float
CNB_raw.medf36_b_medf36b_rter	1	230	0.0043	float
CNB_raw.medf36_b_medf36b_sad_cr	1	230	0.0043	float
CNB_raw.medf36_b_medf36b_sad_er	1	230	0.0043	float
CNB_raw.medf36_b_medf36b_sad_rtcr	1	230	0.0043	float
CNB_raw.medf36_b_medf36b_sad_rter	1	230	0.0043	float
CNB_raw.medf36_b_medf36b_same_cr	1	230	0.0043	float
CNB_raw.medf36_b_medf36b_same_rtcr	1	230	0.0043	float
CNB_raw.medf36_b_valid_code	1	230	0.0043	str
CNB_raw.mpract_mp2	220	11	0.9524	float,int
CNB_raw.mpract_mp2rtcr	220	11	0.9524	float,int
CNB_raw.mpract_valid_code	220	11	0.9524	str
CNB_raw.pcet_a_pcet_acc2	214	17	0.9264	float
CNB_raw.pcet_a_pcet_cat	214	17	0.9264	float,int
CNB_raw.pcet_a_pcet_cat1_tr	210	21	0.9091	float,int
CNB_raw.pcet_a_pcet_cat2_tr	206	25	0.8918	float,int
CNB_raw.pcet_a_pcet_cat3_tr	165	66	0.7143	float,int
CNB_raw.pcet_a_pcet_cr	214	17	0.9264	float,int
CNB_raw.pcet_a_pcet_er	214	17	0.9264	float,int
CNB_raw.pcet_a_pcet_num	214	17	0.9264	float,int
CNB_raw.pcet_a_pcet_rt	214	17	0.9264	float,int
CNB_raw.pcet_a_pcet_rtcr	214	17	0.9264	float,int
CNB_raw.pcet_a_pcet_rter	214	17	0.9264	float,int
CNB_raw.pcet_a_pcet_wis_clevel_res	213	18	0.9221	float,int
CNB_raw.pcet_a_pcet_wis_fms	214	17	0.9264	float,int
CNB_raw.pcet_a_pcet_wis_per_er	214	17	0.9264	float,int
CNB_raw.pcet_a_pcet_wis_per_res	214	17	0.9264	float,int
CNB_raw.pcet_a_valid_code	216	15	0.9351	str
CNB_raw.pmat24_a_pmat24_a_cr	212	19	0.9177	float,int
CNB_raw.pmat24_a_pmat24_a_rtcr	212	19	0.9177	float,int
CNB_raw.pmat24_a_pmat24_a_rter	211	20	0.9134	float,int
CNB_raw.pmat24_a_pmat24_a_rtto	212	19	0.9177	float,int
CNB_raw.pmat24_a_pmat24_a_si	212	19	0.9177	float,int
CNB_raw.pmat24_a_valid_code	213	18	0.9221	str
CNB_raw.pmat24_b_pmat24_b_cr	6	225	0.0260	float
CNB_raw.pmat24_b_pmat24_b_rtcr	6	225	0.0260	float
CNB_raw.pmat24_b_pmat24_b_rter	6	225	0.0260	float
CNB_raw.pmat24_b_pmat24_b_rtto	6	225	0.0260	float
CNB_raw.pmat24_b_pmat24_b_si	6	225	0.0260	float
CNB_raw.pmat24_b_valid_code	6	225	0.0260	str
CNB_raw.scanid	227	4	0.9827	int
CNB_raw.sctap_sctap_dom	215	16	0.9307	float,int
CNB_raw.sctap_sctap_domsd	215	16	0.9307	float,int
CNB_raw.sctap_sctap_hand	215	16	0.9307	str
CNB_raw.sctap_sctap_non	215	16	0.9307	float,int
CNB_raw.sctap_sctap_nonsd	215	16	0.9307	float,int
CNB_raw.sctap_sctap_tot	215	16	0.9307	float,int
CNB_raw.sctap_valid_code	218	13	0.9437	str
CNB_raw.slnb2_90_slnb2_fp	220	11	0.9524	float,int
CNB_raw.slnb2_90_slnb2_fp0	220	11	0.9524	float,int
CNB_raw.slnb2_90_slnb2_fp1	220	11	0.9524	float,int
CNB_raw.slnb2_90_slnb2_fp2	220	11	0.9524	float,int
CNB_raw.slnb2_90_slnb2_fprt0	35	196	0.1515	float,int
CNB_raw.slnb2_90_slnb2_fprt1	32	199	0.1385	float,int
CNB_raw.slnb2_90_slnb2_fprt2	23	208	0.0996	float,int
CNB_raw.slnb2_90_slnb2_mcr	220	11	0.9524	float,int
CNB_raw.slnb2_90_slnb2_mrtc	220	11	0.9524	float,int
CNB_raw.slnb2_90_slnb2_rt0	220	11	0.9524	float,int
CNB_raw.slnb2_90_slnb2_rt1	220	11	0.9524	float,int
CNB_raw.slnb2_90_slnb2_rt2	220	11	0.9524	float,int
CNB_raw.slnb2_90_slnb2_rtc	220	11	0.9524	float,int
CNB_raw.slnb2_90_slnb2_rtc0	220	11	0.9524	float,int
CNB_raw.slnb2_90_slnb2_rtc1	220	11	0.9524	float,int
CNB_raw.slnb2_90_slnb2_rtc2	220	11	0.9524	float,int
CNB_raw.slnb2_90_slnb2_tp	220	11	0.9524	float,int
CNB_raw.slnb2_90_slnb2_tp0	220	11	0.9524	float,int
CNB_raw.slnb2_90_slnb2_tp1	220	11	0.9524	float,int
CNB_raw.slnb2_90_slnb2_tp2	220	11	0.9524	float,int
CNB_raw.slnb2_90_valid_code	220	11	0.9524	str
CNB_raw.spcet_a_spcet_acc2	2	229	0.0087	float
CNB_raw.spcet_a_spcet_cat	2	229	0.0087	float
CNB_raw.spcet_a_spcet_cat1_tr	2	229	0.0087	float
CNB_raw.spcet_a_spcet_cat2_tr	2	229	0.0087	float
CNB_raw.spcet_a_spcet_cat3_tr	2	229	0.0087	float
CNB_raw.spcet_a_spcet_cr	2	229	0.0087	float
CNB_raw.spcet_a_spcet_er	2	229	0.0087	float
CNB_raw.spcet_a_spcet_num	2	229	0.0087	float
CNB_raw.spcet_a_spcet_rt	2	229	0.0087	float
CNB_raw.spcet_a_spcet_rtcr	2	229	0.0087	float
CNB_raw.spcet_a_spcet_rter	2	229	0.0087	float
CNB_raw.spcet_a_spcet_wis_clevel_res	2	229	0.0087	float
CNB_raw.spcet_a_spcet_wis_fms	2	229	0.0087	float
CNB_raw.spcet_a_spcet_wis_per_er	2	229	0.0087	float
CNB_raw.spcet_a_spcet_wis_per_res	2	229	0.0087	float
CNB_raw.spcet_a_valid_code	2	229	0.0087	str
CNB_raw.spcptnl_scpl_fn	218	13	0.9437	float,int
CNB_raw.spcptnl_scpl_fp	218	13	0.9437	float,int
CNB_raw.spcptnl_scpl_fprt	199	32	0.8615	float,int
CNB_raw.spcptnl_scpl_rt	217	14	0.9394	float,int
CNB_raw.spcptnl_scpl_tn	218	13	0.9437	float,int
CNB_raw.spcptnl_scpl_tp	218	13	0.9437	float,int
CNB_raw.spcptnl_scpl_tprt	217	14	0.9394	float,int
CNB_raw.spcptnl_scpn_fn	218	13	0.9437	float,int
CNB_raw.spcptnl_scpn_fp	218	13	0.9437	float,int
CNB_raw.spcptnl_scpn_fprt	139	92	0.6017	float,int
CNB_raw.spcptnl_scpn_rt	218	13	0.9437	float,int
CNB_raw.spcptnl_scpn_tn	218	13	0.9437	float,int
CNB_raw.spcptnl_scpn_tp	218	13	0.9437	float,int
CNB_raw.spcptnl_scpn_tprt	218	13	0.9437	float,int
CNB_raw.spcptnl_scpt_fn	218	13	0.9437	float,int
CNB_raw.spcptnl_scpt_fp	218	13	0.9437	float,int
CNB_raw.spcptnl_scpt_fprt	211	20	0.9134	float,int
CNB_raw.spcptnl_scpt_rt	218	13	0.9437	float,int
CNB_raw.spcptnl_scpt_sen	218	13	0.9437	float,int
CNB_raw.spcptnl_scpt_spec	218	13	0.9437	float
CNB_raw.spcptnl_scpt_tn	218	13	0.9437	float,int
CNB_raw.spcptnl_scpt_tp	218	13	0.9437	float,int
CNB_raw.spcptnl_scpt_tprt	218	13	0.9437	float,int
CNB_raw.spcptnl_valid_code	219	12	0.9481	str
CNB_raw.svolt_a_svolt_cr	219	12	0.9481	float,int
CNB_raw.svolt_a_svolt_er	219	12	0.9481	float,int
CNB_raw.svolt_a_svolt_fn	219	12	0.9481	float,int
CNB_raw.svolt_a_svolt_fnrt	176	55	0.7619	float,int
CNB_raw.svolt_a_svolt_fp	219	12	0.9481	float,int
CNB_raw.svolt_a_svolt_fprt	165	66	0.7143	float,int
CNB_raw.svolt_a_svolt_rt	219	12	0.9481	float,int
CNB_raw.svolt_a_svolt_rtcr	219	12	0.9481	float,int
CNB_raw.svolt_a_svolt_rter	205	26	0.8874	float,int
CNB_raw.svolt_a_svolt_tn	219	12	0.9481	float,int
CNB_raw.svolt_a_svolt_tnrt	219	12	0.9481	float,int
CNB_raw.svolt_a_svolt_tp	219	12	0.9481	float,int
CNB_raw.svolt_a_svolt_tprt	219	12	0.9481	float,int
CNB_raw.svolt_a_svolt_w_rtcr	219	12	0.9481	float,int
CNB_raw.svolt_a_svolt_w_rter	205	26	0.8874	float,int
CNB_raw.svolt_a_valid_code	220	11	0.9524	str
CNB_raw.vsplot15_valid_code	216	15	0.9351	str
CNB_raw.vsplot15_vsplot15_cr	215	16	0.9307	float,int
CNB_raw.vsplot15_vsplot15_er	215	16	0.9307	float,int
CNB_raw.vsplot15_vsplot15_pc	215	16	0.9307	float,int
CNB_raw.vsplot15_vsplot15_rt	215	16	0.9307	float,int
CNB_raw.vsplot15_vsplot15_rtcr	214	17	0.9264	float,int
CNB_raw.vsplot15_vsplot15_rter	215	16	0.9307	float,int
CNB_raw.vsplot24_valid_code	4	227	0.0173	str
CNB_raw.vsplot24_vsplot24_cr	4	227	0.0173	float
CNB_raw.vsplot24_vsplot24_er	4	227	0.0173	float
CNB_raw.vsplot24_vsplot24_pc	4	227	0.0173	float
CNB_raw.vsplot24_vsplot24_rt	4	227	0.0173	float
CNB_raw.vsplot24_vsplot24_rtcr	4	227	0.0173	float
CNB_raw.vsplot24_vsplot24_rter	4	227	0.0173	float
CNB_raw.wrat4_age_mon	214	17	0.9264	float,int
CNB_raw.wrat4_age_yr	214	17	0.9264	float,int
CNB_raw.wrat4_valid_code	214	17	0.9264	str
CNB_raw.wrat4_wrat4cr_raw	214	17	0.9264	float,int
CNB_raw.wrat4_wrat4cr_std	214	17	0.9264	float,int
CNB_raw.wrat4_wrat4letcr	214	17	0.9264	float,int
CNB_raw.wrat4_wrat4wordcr	214	17	0.9264	float,int
Diagnosis.AGEONSET_AXIS1	23	208	0.0996	str
Diagnosis.AGEONSET_CLINICRISK	27	204	0.1169	str
Diagnosis.ASSESS_TYPE	201	30	0.8701	str
Diagnosis.AXIS1_DESC1	199	32	0.8615	str
Diagnosis.AXIS1_DESC2	78	153	0.3377	str
Diagnosis.AXIS1_DESC3	41	190	0.1775	str
Diagnosis.AXIS1_DESC4	29	202	0.1255	str
Diagnosis.AXIS1_DESC5	18	213	0.0779	str
Diagnosis.AXIS1_DESC6	5	226	0.0216	str
Diagnosis.AXIS1_DESC7	4	227	0.0173	str
Diagnosis.AXIS1_DESC8	2	229	0.0087	str
Diagnosis.AXIS1_DX1	199	32	0.8615	float,int
Diagnosis.AXIS1_DX2	77	154	0.3333	float
Diagnosis.AXIS1_DX3	41	190	0.1775	float
Diagnosis.AXIS1_DX4	29	202	0.1255	float
Diagnosis.AXIS1_DX5	18	213	0.0779	float
Diagnosis.AXIS1_DX6	5	226	0.0216	float
Diagnosis.AXIS1_DX7	4	227	0.0173	float
Diagnosis.AXIS1_DX8	2	229	0.0087	float
Diagnosis.AXIS1_STAT1	148	83	0.6407	str
Diagnosis.AXIS1_STAT2	56	175	0.2424	str
Diagnosis.AXIS1_STAT3	29	202	0.1255	str
Diagnosis.AXIS1_STAT4	22	209	0.0952	str
Diagnosis.AXIS1_STAT5	14	217	0.0606	str
Diagnosis.AXIS1_STAT6	3	228	0.0130	float
Diagnosis.AXIS1_STAT7	3	228	0.0130	float
Diagnosis.AXIS1_STAT8	2	229	0.0087	float
Diagnosis.AXIS2_DESC1	141	90	0.6104	str
Diagnosis.AXIS2_DX1	134	97	0.5801	float
Diagnosis.AXIS3_DESC1	41	190	0.1775	str
Diagnosis.AXIS3_DESC2	14	217	0.0606	str
Diagnosis.AXIS3_DESC3	4	227	0.0173	str
Diagnosis.AXIS3_DESC4	2	229	0.0087	str
Diagnosis.AXIS3_DESC5	1	230	0.0043	str
Diagnosis.AXIS3_DESC6	1	230	0.0043	str
Diagnosis.AXIS3_DESC7	2	229	0.0087	str
Diagnosis.AXIS3_DX1	47	184	0.2035	str
Diagnosis.AXIS3_DX2	7	224	0.0303	str
Diagnosis.AXIS3_DX3	1	230	0.0043	str
Diagnosis.AXIS3_DX7	1	230	0.0043	str
Diagnosis.CONSENSUSBY	200	31	0.8658	str
Diagnosis.CONSENSUS_TYPE	201	30	0.8701	str
Diagnosis.DEFICIT	121	110	0.5238	str
Diagnosis.DIAGNOSIS_DEFERRED	199	32	0.8615	str
Diagnosis.DOCONSENSUS	201	30	0.8701	str
Diagnosis.DODIAGNOSIS	201	30	0.8701	str
Diagnosis.ENTBY	197	34	0.8528	str
Diagnosis.FROM_CAPA	200	31	0.8658	float,int
Diagnosis.FROM_FIGS	75	156	0.3247	float,int
Diagnosis.FROM_GOASSESS_AD	21	210	0.0909	float
Diagnosis.FROM_SCID	12	219	0.0519	float
Diagnosis.FROM_SIPS	85	146	0.3680	float,int
Diagnosis.GASR_CURRENT	104	127	0.4502	float,int
Diagnosis.GAS_TYPE	94	137	0.4069	str
Diagnosis.HSTATUS	132	99	0.5714	str
Diagnosis.INTERVIEWEE	201	30	0.8701	str
Diagnosis.INTERVIEWER	201	30	0.8701	str
Diagnosis.PREV_DX_CHANGED	151	80	0.6537	str
Diagnosis.PROTOCOL	201	30	0.8701	str
Diagnosis.TYPE	201	30	0.8701	str
Diagnosis.VISITNUM	62	169	0.2684	float,int
Diagnosis.dx_BrderPD	201	30	0.8701	int
Diagnosis.dx_adhd	201	30	0.8701	int
Diagnosis.dx_anx	201	30	0.8701	int
Diagnosis.dx_bp1	201	30	0.8701	int
Diagnosis.dx_bpoth	201	30	0.8701	int
Diagnosis.dx_mdd	201	30	0.8701	int
Diagnosis.dx_moodnos	201	30	0.8701	int
Diagnosis.dx_none	201	30	0.8701	int
Diagnosis.dx_other	201	30	0.8701	int
Diagnosis.dx_prodromal	201	30	0.8701	int
Diagnosis.dx_prodromal_remit	201	30	0.8701	int
Diagnosis.dx_pscat	199	32	0.8615	str
Diagnosis.dx_psychosis	201	30	0.8701	int
Diagnosis.dx_ptsd	201	30	0.8701	int
Diagnosis.dx_scz	201	30	0.8701	int
Diagnosis.dx_sub_abuse	201	30	0.8701	int
Diagnosis.dx_sub_abuse_alc	201	30	0.8701	int
Diagnosis.dx_sub_abuse_can	201	30	0.8701	int
Diagnosis.dx_sub_abuse_oth	201	30	0.8701	int
Diagnosis.dx_sub_dep	201	30	0.8701	int
Diagnosis.dx_sub_dep_alc	201	30	0.8701	int
Diagnosis.dx_sub_dep_can	201	30	0.8701	int
Diagnosis.dx_sub_dep_oth	201	30	0.8701	int
Diagnosis.dxsum	201	30	0.8701	int
Proband_GOASSESS.flagged_gad	165	66	0.7143	int
Proband_GOASSESS.flagged_ocd	165	66	0.7143	int
Proband_GOASSESS.flagged_panic	165	66	0.7143	int
Proband_GOASSESS.flagged_ptsd	165	66	0.7143	int
Proband_GOASSESS.flagged_socanx	165	66	0.7143	int
Proband_GOASSESS.smry_gad	165	66	0.7143	str
Proband_GOASSESS.smry_ocd	165	66	0.7143	str
Proband_GOASSESS.smry_panic	165	66	0.7143	int
Proband_GOASSESS.smry_ptsd	165	66	0.7143	int
Proband_GOASSESS.smry_socanx	165	66	0.7143	int
Study_Group.group	196	35	0.8485	str
biss_madrs.biss_1	219	12	0.9481	float
biss_madrs.biss_10	219	12	0.9481	float
biss_madrs.biss_11	219	12	0.9481	float
biss_madrs.biss_12	219	12	0.9481	float
biss_madrs.biss_13	219	12	0.9481	float
biss_madrs.biss_14	219	12	0.9481	float
biss_madrs.biss_15	219	12	0.9481	float
biss_madrs.biss_16	219	12	0.9481	float
biss_madrs.biss_17	219	12	0.9481	float
biss_madrs.biss_18	219	12	0.9481	float
biss_madrs.biss_19	218	13	0.9437	float
biss_madrs.biss_2	219	12	0.9481	float
biss_madrs.biss_20	218	13	0.9437	float
biss_madrs.biss_21	219	12	0.9481	float
biss_madrs.biss_22	219	12	0.9481	float
biss_madrs.biss_23	219	12	0.9481	float
biss_madrs.biss_24	219	12	0.9481	float
biss_madrs.biss_25	219	12	0.9481	float
biss_madrs.biss_26	219	12	0.9481	float
biss_madrs.biss_27	219	12	0.9481	float
biss_madrs.biss_28	219	12	0.9481	float
biss_madrs.biss_29	219	12	0.9481	float
biss_madrs.biss_3	219	12	0.9481	float
biss_madrs.biss_30	219	12	0.9481	float
biss_madrs.biss_31	219	12	0.9481	float
biss_madrs.biss_32	219	12	0.9481	float
biss_madrs.biss_33	219	12	0.9481	float
biss_madrs.biss_34	219	12	0.9481	float
biss_madrs.biss_35	219	12	0.9481	float
biss_madrs.biss_36	219	12	0.9481	float
biss_madrs.biss_37	219	12	0.9481	float
biss_madrs.biss_38	219	12	0.9481	float
biss_madrs.biss_39	219	12	0.9481	float
biss_madrs.biss_4	219	12	0.9481	float
biss_madrs.biss_40	219	12	0.9481	float
biss_madrs.biss_41	219	12	0.9481	float
biss_madrs.biss_42	219	12	0.9481	float
biss_madrs.biss_43	219	12	0.9481	float
biss_madrs.biss_5	219	12	0.9481	float
biss_madrs.biss_6	219	12	0.9481	float
biss_madrs.biss_7	219	12	0.9481	float
biss_madrs.biss_8	219	12	0.9481	float
biss_madrs.biss_9	219	12	0.9481	float
biss_madrs.madrs_1	219	12	0.9481	float
biss_madrs.madrs_10	219	12	0.9481	float
biss_madrs.madrs_2	219	12	0.9481	float
biss_madrs.madrs_3	219	12	0.9481	float
biss_madrs.madrs_4	219	12	0.9481	float
biss_madrs.madrs_5	218	13	0.9437	float
biss_madrs.madrs_6	219	12	0.9481	float
biss_madrs.madrs_7	219	12	0.9481	float
biss_madrs.madrs_8	219	12	0.9481	float
biss_madrs.madrs_9	219	12	0.9481	float
demographics.age_intake	228	3	0.9870	float,int
demographics.bbl_common_enroll	225	6	0.9740	str
demographics.bmi	207	24	0.8961	float
demographics.educ	229	2	0.9913	int
demographics.enrollagemonths	229	2	0.9913	int
demographics.ethnic	228	3	0.9870	float,int
demographics.eversmoke	219	12	0.9481	float,int
demographics.famid	228	3	0.9870	float,int
demographics.hand	215	16	0.9307	float,int
demographics.height	223	8	0.9654	float,int
demographics.intakeby	228	3	0.9870	str
demographics.istatus	226	5	0.9784	str
demographics.marital_status	226	5	0.9784	float,int
demographics.nokids_sub	221	10	0.9567	float,int
demographics.occode	223	8	0.9654	float,int
demographics.race	228	3	0.9870	float,int
demographics.sex	229	2	0.9913	int
demographics.sex_preference	190	41	0.8225	float,int
demographics.smoke	220	11	0.9524	float,int
demographics.source	229	2	0.9913	str
demographics.study_coordinator	229	2	0.9913	str
demographics.study_group	218	13	0.9437	str
demographics.study_status	229	2	0.9913	str
demographics.visitagemonths	229	2	0.9913	int
demographics.visitnum	229	2	0.9913	int
demographics.weight	227	4	0.9827	float,int
imaging_postscan_scales.admin_age	211	20	0.9134	int
imaging_postscan_scales.admin_prepost	211	20	0.9134	int
imaging_postscan_scales.bbl_assessor	211	20	0.9134	str
imaging_postscan_scales.bbl_location	211	20	0.9134	str
imaging_postscan_scales.imaging_scales_admin_complete	211	20	0.9134	int
imaging_postscan_scales.imaging_scales_comments_complete	211	20	0.9134	int
imaging_postscan_scales.imaging_scales_validation_complete	211	20	0.9134	int
imaging_postscan_scales.redcapid	211	20	0.9134	int
imaging_postscan_scales.scales_complete	81	150	0.3506	float
imaging_postscan_scales.stai_q_01	210	21	0.9091	float
imaging_postscan_scales.stai_q_02	210	21	0.9091	float
imaging_postscan_scales.stai_q_03	210	21	0.9091	float
imaging_postscan_scales.stai_q_04	210	21	0.9091	float
imaging_postscan_scales.stai_q_05	210	21	0.9091	float
imaging_postscan_scales.stai_q_06	210	21	0.9091	float
imaging_postscan_scales.stai_q_07	210	21	0.9091	float
imaging_postscan_scales.stai_q_08	210	21	0.9091	float
imaging_postscan_scales.stai_q_09	210	21	0.9091	float
imaging_postscan_scales.stai_q_10	210	21	0.9091	float
imaging_postscan_scales.stai_q_11	210	21	0.9091	float
imaging_postscan_scales.stai_q_12	210	21	0.9091	float
imaging_postscan_scales.stai_q_13	210	21	0.9091	float
imaging_postscan_scales.stai_q_14	210	21	0.9091	float
imaging_postscan_scales.stai_q_15	210	21	0.9091	float
imaging_postscan_scales.stai_q_16	210	21	0.9091	float
imaging_postscan_scales.stai_q_17	210	21	0.9091	float
imaging_postscan_scales.stai_q_18	210	21	0.9091	float
imaging_postscan_scales.stai_q_19	210	21	0.9091	float
imaging_postscan_scales.stai_q_20	210	21	0.9091	float
imaging_postscan_scales.stai_state_complete	211	20	0.9134	int
imaging_postscan_scales.stai_state_vcode	210	21	0.9091	str
imaging_postscan_scales.wolf_post_1	200	31	0.8658	float
imaging_postscan_scales.wolf_post_2	199	32	0.8615	float
imaging_postscan_scales.wolf_post_3	199	32	0.8615	float
imaging_postscan_scales.wolf_postscan_questionnaire_memory_complete	211	20	0.9134	int
imaging_prescan_scales.admin_age	223	8	0.9654	int
imaging_prescan_scales.admin_prepost	223	8	0.9654	int
imaging_prescan_scales.bbl_assessor	223	8	0.9654	str
imaging_prescan_scales.bbl_location	223	8	0.9654	str
imaging_prescan_scales.imaging_scales_admin_complete	223	8	0.9654	int
imaging_prescan_scales.imaging_scales_comments_complete	190	41	0.8225	float
imaging_prescan_scales.imaging_scales_validation_complete	190	41	0.8225	float
imaging_prescan_scales.redcapid	223	8	0.9654	int
imaging_prescan_scales.scales_complete	97	134	0.4199	float
imaging_prescan_scales.stai_q_01	210	21	0.9091	float
imaging_prescan_scales.stai_q_02	210	21	0.9091	float
imaging_prescan_scales.stai_q_03	210	21	0.9091	float
imaging_prescan_scales.stai_q_04	210	21	0.9091	float
imaging_prescan_scales.stai_q_05	210	21	0.9091	float
imaging_prescan_scales.stai_q_06	210	21	0.9091	float
imaging_prescan_scales.stai_q_07	210	21	0.9091	float
imaging_prescan_scales.stai_q_08	210	21	0.9091	float
imaging_prescan_scales.stai_q_09	210	21	0.9091	float
imaging_prescan_scales.stai_q_10	210	21	0.9091	float
imaging_prescan_scales.stai_q_11	210	21	0.9091	float
imaging_prescan_scales.stai_q_12	210	21	0.9091	float
imaging_prescan_scales.stai_q_13	210	21	0.9091	float
imaging_prescan_scales.stai_q_14	210	21	0.9091	float
imaging_prescan_scales.stai_q_15	210	21	0.9091	float
imaging_prescan_scales.stai_q_16	210	21	0.9091	float
imaging_prescan_scales.stai_q_17	210	21	0.9091	float
imaging_prescan_scales.stai_q_18	210	21	0.9091	float
imaging_prescan_scales.stai_q_19	210	21	0.9091	float
imaging_prescan_scales.stai_q_20	210	21	0.9091	float
imaging_prescan_scales.stai_q_21	210	21	0.9091	float
imaging_prescan_scales.stai_q_22	210	21	0.9091	float
imaging_prescan_scales.stai_q_23	210	21	0.9091	float
imaging_prescan_scales.stai_q_24	210	21	0.9091	float
imaging_prescan_scales.stai_q_25	210	21	0.9091	float
imaging_prescan_scales.stai_q_26	210	21	0.9091	float
imaging_prescan_scales.stai_q_27	210	21	0.9091	float
imaging_prescan_scales.stai_q_28	210	21	0.9091	float
imaging_prescan_scales.stai_q_29	210	21	0.9091	float
imaging_prescan_scales.stai_q_30	210	21	0.9091	float
imaging_prescan_scales.stai_q_31	210	21	0.9091	float
imaging_prescan_scales.stai_q_32	210	21	0.9091	float
imaging_prescan_scales.stai_q_33	210	21	0.9091	float
imaging_prescan_scales.stai_q_34	210	21	0.9091	float
imaging_prescan_scales.stai_q_35	210	21	0.9091	float
imaging_prescan_scales.stai_q_36	210	21	0.9091	float
imaging_prescan_scales.stai_q_37	210	21	0.9091	float
imaging_prescan_scales.stai_q_38	210	21	0.9091	float
imaging_prescan_scales.stai_q_39	210	21	0.9091	float
imaging_prescan_scales.stai_q_40	210	21	0.9091	float
imaging_prescan_scales.stai_st	87	144	0.3766	float
imaging_prescan_scales.stai_state_complete	223	8	0.9654	int
imaging_prescan_scales.stai_state_vcode	210	21	0.9091	str
imaging_prescan_scales.stai_tr	87	144	0.3766	float
imaging_prescan_scales.stai_trait_complete	223	8	0.9654	int
imaging_prescan_scales.stai_trait_vcode	209	22	0.9048	str
imaging_prescan_scales.staxi2_1	1	230	0.0043	float
imaging_prescan_scales.staxi2_10	1	230	0.0043	float
imaging_prescan_scales.staxi2_11	1	230	0.0043	float
imaging_prescan_scales.staxi2_12	1	230	0.0043	float
imaging_prescan_scales.staxi2_13	1	230	0.0043	float
imaging_prescan_scales.staxi2_14	1	230	0.0043	float
imaging_prescan_scales.staxi2_15	1	230	0.0043	float
imaging_prescan_scales.staxi2_16	1	230	0.0043	float
imaging_prescan_scales.staxi2_17	1	230	0.0043	float
imaging_prescan_scales.staxi2_18	1	230	0.0043	float
imaging_prescan_scales.staxi2_19	1	230	0.0043	float
imaging_prescan_scales.staxi2_2	1	230	0.0043	float
imaging_prescan_scales.staxi2_20	1	230	0.0043	float
imaging_prescan_scales.staxi2_21	1	230	0.0043	float
imaging_prescan_scales.staxi2_22	1	230	0.0043	float
imaging_prescan_scales.staxi2_23	1	230	0.0043	float
imaging_prescan_scales.staxi2_24	1	230	0.0043	float
imaging_prescan_scales.staxi2_25	1	230	0.0043	float
imaging_prescan_scales.staxi2_26	1	230	0.0043	float
imaging_prescan_scales.staxi2_27	1	230	0.0043	float
imaging_prescan_scales.staxi2_28	1	230	0.0043	float
imaging_prescan_scales.staxi2_29	1	230	0.0043	float
imaging_prescan_scales.staxi2_3	1	230	0.0043	float
imaging_prescan_scales.staxi2_30	1	230	0.0043	float
imaging_prescan_scales.staxi2_31	1	230	0.0043	float
imaging_prescan_scales.staxi2_32	1	230	0.0043	float
imaging_prescan_scales.staxi2_33	1	230	0.0043	float
imaging_prescan_scales.staxi2_34	1	230	0.0043	float
imaging_prescan_scales.staxi2_35	1	230	0.0043	float
imaging_prescan_scales.staxi2_36	1	230	0.0043	float
imaging_prescan_scales.staxi2_37	1	230	0.0043	float
imaging_prescan_scales.staxi2_38	1	230	0.0043	float
imaging_prescan_scales.staxi2_39	1	230	0.0043	float
imaging_prescan_scales.staxi2_4	1	230	0.0043	float
imaging_prescan_scales.staxi2_40	1	230	0.0043	float
imaging_prescan_scales.staxi2_41	1	230	0.0043	float
imaging_prescan_scales.staxi2_42	1	230	0.0043	float
imaging_prescan_scales.staxi2_43	1	230	0.0043	float
imaging_prescan_scales.staxi2_44	1	230	0.0043	float
imaging_prescan_scales.staxi2_45	1	230	0.0043	float
imaging_prescan_scales.staxi2_46	1	230	0.0043	float
imaging_prescan_scales.staxi2_47	1	230	0.0043	float
imaging_prescan_scales.staxi2_48	1	230	0.0043	float
imaging_prescan_scales.staxi2_49	1	230	0.0043	float
imaging_prescan_scales.staxi2_5	1	230	0.0043	float
imaging_prescan_scales.staxi2_50	1	230	0.0043	float
imaging_prescan_scales.staxi2_51	1	230	0.0043	float
imaging_prescan_scales.staxi2_52	1	230	0.0043	float
imaging_prescan_scales.staxi2_53	1	230	0.0043	float
imaging_prescan_scales.staxi2_54	1	230	0.0043	float
imaging_prescan_scales.staxi2_55	1	230	0.0043	float
imaging_prescan_scales.staxi2_56	1	230	0.0043	float
imaging_prescan_scales.staxi2_57	1	230	0.0043	float
imaging_prescan_scales.staxi2_6	1	230	0.0043	float
imaging_prescan_scales.staxi2_7	1	230	0.0043	float
imaging_prescan_scales.staxi2_8	1	230	0.0043	float
imaging_prescan_scales.staxi2_9	1	230	0.0043	float
imaging_prescan_scales.staxi2_ca_1	220	11	0.9524	float
imaging_prescan_scales.staxi2_ca_10	220	11	0.9524	float
imaging_prescan_scales.staxi2_ca_11	220	11	0.9524	float
imaging_prescan_scales.staxi2_ca_12	220	11	0.9524	float
imaging_prescan_scales.staxi2_ca_13	220	11	0.9524	float
imaging_prescan_scales.staxi2_ca_14	220	11	0.9524	float
imaging_prescan_scales.staxi2_ca_15	220	11	0.9524	float
imaging_prescan_scales.staxi2_ca_16	220	11	0.9524	float
imaging_prescan_scales.staxi2_ca_17	220	11	0.9524	float
imaging_prescan_scales.staxi2_ca_18	220	11	0.9524	float
imaging_prescan_scales.staxi2_ca_19	220	11	0.9524	float
imaging_prescan_scales.staxi2_ca_2	220	11	0.9524	float
imaging_prescan_scales.staxi2_ca_20	220	11	0.9524	float
imaging_prescan_scales.staxi2_ca_21	220	11	0.9524	float
imaging_prescan_scales.staxi2_ca_22	220	11	0.9524	float
imaging_prescan_scales.staxi2_ca_23	220	11	0.9524	float
imaging_prescan_scales.staxi2_ca_24	220	11	0.9524	float
imaging_prescan_scales.staxi2_ca_25	220	11	0.9524	float
imaging_prescan_scales.staxi2_ca_26	220	11	0.9524	float
imaging_prescan_scales.staxi2_ca_27	220	11	0.9524	float
imaging_prescan_scales.staxi2_ca_28	220	11	0.9524	float
imaging_prescan_scales.staxi2_ca_29	220	11	0.9524	float
imaging_prescan_scales.staxi2_ca_3	220	11	0.9524	float
imaging_prescan_scales.staxi2_ca_30	220	11	0.9524	float
imaging_prescan_scales.staxi2_ca_31	220	11	0.9524	float
imaging_prescan_scales.staxi2_ca_32	220	11	0.9524	float
imaging_prescan_scales.staxi2_ca_33	220	11	0.9524	float
imaging_prescan_scales.staxi2_ca_34	220	11	0.9524	float
imaging_prescan_scales.staxi2_ca_35	220	11	0.9524	float
imaging_prescan_scales.staxi2_ca_4	220	11	0.9524	float
imaging_prescan_scales.staxi2_ca_5	220	11	0.9524	float
imaging_prescan_scales.staxi2_ca_6	220	11	0.9524	float
imaging_prescan_scales.staxi2_ca_7	220	11	0.9524	float
imaging_prescan_scales.staxi2_ca_8	220	11	0.9524	float
imaging_prescan_scales.staxi2_ca_9	220	11	0.9524	float
imaging_prescan_scales.staxi2_ca_complete	223	8	0.9654	int
imaging_prescan_scales.staxi2_ca_vcode	220	11	0.9524	str
imaging_prescan_scales.staxi2_complete	223	8	0.9654	int
imaging_prescan_scales.staxi2_vcode	1	230	0.0043	str
n_back_scores.onebackNumFN	192	39	0.8312	int
n_back_scores.onebackNumFP	192	39	0.8312	int
n_back_scores.onebackNumTN	192	39	0.8312	int
n_back_scores.onebackNumTP	192	39	0.8312	int
n_back_scores.oneback_dPrime	192	39	0.8312	float
n_back_scores.oneback_speed_fp	85	146	0.3680	float
n_back_scores.oneback_speed_tp	185	46	0.8009	float
n_back_scores.twobackNumFN	192	39	0.8312	int
n_back_scores.twobackNumFP	192	39	0.8312	int
n_back_scores.twobackNumTN	192	39	0.8312	int
n_back_scores.twobackNumTP	192	39	0.8312	int
n_back_scores.twoback_dPrime	192	39	0.8312	float
n_back_scores.twoback_speed_fp	164	67	0.7100	float
n_back_scores.twoback_speed_tp	186	45	0.8052	float
n_back_scores.zerobackNumFN	192	39	0.8312	int
n_back_scores.zerobackNumFP	192	39	0.8312	int
n_back_scores.zerobackNumTN	192	39	0.8312	int
n_back_scores.zerobackNumTP	192	39	0.8312	int
n_back_scores.zeroback_dPrime	192	39	0.8312	float
n_back_scores.zeroback_speed_fp	68	163	0.2944	float
n_back_scores.zeroback_speed_tp	186	45	0.8052	float
prime_screen.assessor	208	23	0.9004	str
prime_screen.no_primescreen___1	65	166	0.2814	float,int
prime_screen.no_primescreen___2	65	166	0.2814	float,int
prime_screen.prime_screen_complete	208	23	0.9004	int
prime_screen.protocol	208	23	0.9004	str
prime_screen.protocol_number	208	23	0.9004	int
prime_screen.redcapid	208	23	0.9004	str
prime_screen.sip003	184	47	0.7965	float,int
prime_screen.sip004	184	47	0.7965	float,int
prime_screen.sip005	184	47	0.7965	float,int
prime_screen.sip006	184	47	0.7965	float,int
prime_screen.sip007	184	47	0.7965	float,int
prime_screen.sip008	184	47	0.7965	float,int
prime_screen.sip009	184	47	0.7965	float,int
prime_screen.sip010	184	47	0.7965	float,int
prime_screen.sip011	184	47	0.7965	float,int
prime_screen.sip012	183	48	0.7922	float,int
prime_screen.sip013	183	48	0.7922	float,int
prime_screen.sip014	182	49	0.7879	float,int
prime_screen.sip015	21	210	0.0909	float,int
prime_screen.sip016	9	222	0.0390	float,int
prime_screen.sip017	5	226	0.0216	float
prime_screen.sip018	17	214	0.0736	float
prime_screen.sip019	19	212	0.0823	float,int
prime_screen.sip020	5	226	0.0216	float,int
prime_screen.sip021	8	223	0.0346	float,int
prime_screen.sip022	10	221	0.0433	float,int
prime_screen.sip023	17	214	0.0736	float,int
prime_screen.sip024	12	219	0.0519	float,int
prime_screen.sip025	3	228	0.0130	float,int
prime_screen.sip026	15	216	0.0649	float,int
self_report_itemwise.ace_complete	230	1	0.9957	int
self_report_itemwise.aces_1	203	28	0.8788	float
self_report_itemwise.aces_10	205	26	0.8874	float
self_report_itemwise.aces_2	205	26	0.8874	float
self_report_itemwise.aces_3	202	29	0.8745	float
self_report_itemwise.aces_4	205	26	0.8874	float
self_report_itemwise.aces_5	205	26	0.8874	float
self_report_itemwise.aces_6	204	27	0.8831	float
self_report_itemwise.aces_7	204	27	0.8831	float
self_report_itemwise.aces_8	204	27	0.8831	float
self_report_itemwise.aces_9	201	30	0.8701	float
self_report_itemwise.admin_age	230	1	0.9957	int
self_report_itemwise.admin_proband	230	1	0.9957	str
self_report_itemwise.admin_sex	230	1	0.9957	int
self_report_itemwise.als_1	174	57	0.7532	float
self_report_itemwise.als_10	174	57	0.7532	float
self_report_itemwise.als_11	174	57	0.7532	float
self_report_itemwise.als_12	174	57	0.7532	float
self_report_itemwise.als_13	174	57	0.7532	float
self_report_itemwise.als_14	174	57	0.7532	float
self_report_itemwise.als_15	174	57	0.7532	float
self_report_itemwise.als_16	174	57	0.7532	float
self_report_itemwise.als_17	174	57	0.7532	float
self_report_itemwise.als_18	174	57	0.7532	float
self_report_itemwise.als_2	174	57	0.7532	float
self_report_itemwise.als_3	174	57	0.7532	float
self_report_itemwise.als_4	174	57	0.7532	float
self_report_itemwise.als_5	174	57	0.7532	float
self_report_itemwise.als_6	174	57	0.7532	float
self_report_itemwise.als_7	174	57	0.7532	float
self_report_itemwise.als_8	174	57	0.7532	float
self_report_itemwise.als_9	174	57	0.7532	float
self_report_itemwise.als_complete	230	1	0.9957	int
self_report_itemwise.ari_1	230	1	0.9957	int
self_report_itemwise.ari_2	230	1	0.9957	int
self_report_itemwise.ari_3	230	1	0.9957	int
self_report_itemwise.ari_4	230	1	0.9957	int
self_report_itemwise.ari_5	230	1	0.9957	int
self_report_itemwise.ari_6	230	1	0.9957	int
self_report_itemwise.ari_7	230	1	0.9957	int
self_report_itemwise.ari_proband_complete	230	1	0.9957	int
self_report_itemwise.bbl_assessor	230	1	0.9957	str
self_report_itemwise.bbl_protocol	230	1	0.9957	str
self_report_itemwise.bdi1a_complete	230	1	0.9957	int
self_report_itemwise.bdi_1	230	1	0.9957	int
self_report_itemwise.bdi_10	230	1	0.9957	int
self_report_itemwise.bdi_11	230	1	0.9957	int
self_report_itemwise.bdi_12	230	1	0.9957	int
self_report_itemwise.bdi_13	230	1	0.9957	int
self_report_itemwise.bdi_14	230	1	0.9957	int
self_report_itemwise.bdi_15	230	1	0.9957	int
self_report_itemwise.bdi_16	230	1	0.9957	int
self_report_itemwise.bdi_17	230	1	0.9957	int
self_report_itemwise.bdi_18	230	1	0.9957	int
self_report_itemwise.bdi_19	230	1	0.9957	int
self_report_itemwise.bdi_19a	230	1	0.9957	int
self_report_itemwise.bdi_2	230	1	0.9957	int
self_report_itemwise.bdi_20	230	1	0.9957	int
self_report_itemwise.bdi_21	230	1	0.9957	int
self_report_itemwise.bdi_3	230	1	0.9957	int
self_report_itemwise.bdi_4	230	1	0.9957	int
self_report_itemwise.bdi_5	230	1	0.9957	int
self_report_itemwise.bdi_6	230	1	0.9957	int
self_report_itemwise.bdi_7	230	1	0.9957	int
self_report_itemwise.bdi_8	230	1	0.9957	int
self_report_itemwise.bdi_9	230	1	0.9957	int
self_report_itemwise.best_ms_1	77	154	0.3333	float
self_report_itemwise.best_ms_10	77	154	0.3333	float
self_report_itemwise.best_ms_11	77	154	0.3333	float
self_report_itemwise.best_ms_11_behaviors___1	230	1	0.9957	int
self_report_itemwise.best_ms_11_behaviors___2	230	1	0.9957	int
self_report_itemwise.best_ms_11_behaviors___3	230	1	0.9957	int
self_report_itemwise.best_ms_11_behaviors___4	230	1	0.9957	int
self_report_itemwise.best_ms_11_behaviors___5	230	1	0.9957	int
self_report_itemwise.best_ms_11_behaviors___6	230	1	0.9957	int
self_report_itemwise.best_ms_11_other	5	226	0.0216	str
self_report_itemwise.best_ms_12	77	154	0.3333	float
self_report_itemwise.best_ms_2	77	154	0.3333	float
self_report_itemwise.best_ms_3	77	154	0.3333	float
self_report_itemwise.best_ms_4	77	154	0.3333	float
self_report_itemwise.best_ms_5	77	154	0.3333	float
self_report_itemwise.best_ms_6	77	154	0.3333	float
self_report_itemwise.best_ms_7	77	154	0.3333	float
self_report_itemwise.best_ms_8	77	154	0.3333	float
self_report_itemwise.best_ms_9	77	154	0.3333	float
self_report_itemwise.best_scale_complete	230	1	0.9957	int
self_report_itemwise.bisbas_1	230	1	0.9957	int
self_report_itemwise.bisbas_10	230	1	0.9957	int
self_report_itemwise.bisbas_11	230	1	0.9957	int
self_report_itemwise.bisbas_12	230	1	0.9957	int
self_report_itemwise.bisbas_13	230	1	0.9957	int
self_report_itemwise.bisbas_14	230	1	0.9957	int
self_report_itemwise.bisbas_15	230	1	0.9957	int
self_report_itemwise.bisbas_16	230	1	0.9957	int
self_report_itemwise.bisbas_17	230	1	0.9957	int
self_report_itemwise.bisbas_18	230	1	0.9957	int
self_report_itemwise.bisbas_19	230	1	0.9957	int
self_report_itemwise.bisbas_2	230	1	0.9957	int
self_report_itemwise.bisbas_20	230	1	0.9957	int
self_report_itemwise.bisbas_21	230	1	0.9957	int
self_report_itemwise.bisbas_22	230	1	0.9957	int
self_report_itemwise.bisbas_23	230	1	0.9957	int
self_report_itemwise.bisbas_24	230	1	0.9957	int
self_report_itemwise.bisbas_3	230	1	0.9957	int
self_report_itemwise.bisbas_4	230	1	0.9957	int
self_report_itemwise.bisbas_5	230	1	0.9957	int
self_report_itemwise.bisbas_6	230	1	0.9957	int
self_report_itemwise.bisbas_7	230	1	0.9957	int
self_report_itemwise.bisbas_8	230	1	0.9957	int
self_report_itemwise.bisbas_9	230	1	0.9957	int
self_report_itemwise.bisbas_complete	230	1	0.9957	int
self_report_itemwise.bss_1	230	1	0.9957	int
self_report_itemwise.bss_2	230	1	0.9957	int
self_report_itemwise.bss_3	230	1	0.9957	int
self_report_itemwise.bss_4	230	1	0.9957	int
self_report_itemwise.bss_5	230	1	0.9957	int
self_report_itemwise.bss_6	230	1	0.9957	int
self_report_itemwise.bss_7	230	1	0.9957	int
self_report_itemwise.bss_8	230	1	0.9957	int
self_report_itemwise.bss_complete	230	1	0.9957	int
self_report_itemwise.eswan_dmdd_01a	86	145	0.3723	float
self_report_itemwise.eswan_dmdd_01b	86	145	0.3723	float
self_report_itemwise.eswan_dmdd_01c	86	145	0.3723	float
self_report_itemwise.eswan_dmdd_02a	86	145	0.3723	float
self_report_itemwise.eswan_dmdd_02b	84	147	0.3636	float
self_report_itemwise.eswan_dmdd_02c	86	145	0.3723	float
self_report_itemwise.eswan_dmdd_03a	86	145	0.3723	float
self_report_itemwise.eswan_dmdd_03b	86	145	0.3723	float
self_report_itemwise.eswan_dmdd_03c	85	146	0.3680	float
self_report_itemwise.eswan_dmdd_04a	86	145	0.3723	float
self_report_itemwise.eswan_dmdd_04b	85	146	0.3680	float
self_report_itemwise.eswan_dmdd_04c	86	145	0.3723	float
self_report_itemwise.eswan_dmdd_05a	86	145	0.3723	float
self_report_itemwise.eswan_dmdd_05b	86	145	0.3723	float
self_report_itemwise.eswan_dmdd_05c	86	145	0.3723	float
self_report_itemwise.eswan_dmdd_06a	86	145	0.3723	float
self_report_itemwise.eswan_dmdd_06b	86	145	0.3723	float
self_report_itemwise.eswan_dmdd_06c	86	145	0.3723	float
self_report_itemwise.eswan_dmdd_07a	86	145	0.3723	float
self_report_itemwise.eswan_dmdd_07b	84	147	0.3636	float
self_report_itemwise.eswan_dmdd_07c	86	145	0.3723	float
self_report_itemwise.eswan_dmdd_08a	86	145	0.3723	float
self_report_itemwise.eswan_dmdd_08b	85	146	0.3680	float
self_report_itemwise.eswan_dmdd_08c	86	145	0.3723	float
self_report_itemwise.eswan_dmdd_09a	86	145	0.3723	float
self_report_itemwise.eswan_dmdd_09b	86	145	0.3723	float
self_report_itemwise.eswan_dmdd_09c	86	145	0.3723	float
self_report_itemwise.eswan_dmdd_10a	86	145	0.3723	float
self_report_itemwise.eswan_dmdd_10b	86	145	0.3723	float
self_report_itemwise.eswan_dmdd_10c	86	145	0.3723	float
self_report_itemwise.eswan_dmdd_proband_complete	230	1	0.9957	int
self_report_itemwise.grit_1	230	1	0.9957	int
self_report_itemwise.grit_10	230	1	0.9957	int
self_report_itemwise.grit_11	230	1	0.9957	int
self_report_itemwise.grit_12	230	1	0.9957	int
self_report_itemwise.grit_13	230	1	0.9957	float
self_report_itemwise.grit_14	230	1	0.9957	float
self_report_itemwise.grit_15___0	230	1	0.9957	int
self_report_itemwise.grit_15___1	230	1	0.9957	int
self_report_itemwise.grit_15___2	230	1	0.9957	int
self_report_itemwise.grit_15___3	230	1	0.9957	int
self_report_itemwise.grit_2	230	1	0.9957	int
self_report_itemwise.grit_3	230	1	0.9957	int
self_report_itemwise.grit_4	230	1	0.9957	int
self_report_itemwise.grit_5	230	1	0.9957	int
self_report_itemwise.grit_6	230	1	0.9957	int
self_report_itemwise.grit_7	230	1	0.9957	int
self_report_itemwise.grit_8	230	1	0.9957	int
self_report_itemwise.grit_9	230	1	0.9957	int
self_report_itemwise.grit_complete	230	1	0.9957	int
self_report_itemwise.hcl16_1	229	2	0.9913	float
self_report_itemwise.hcl16_2	229	2	0.9913	float
self_report_itemwise.hcl16_3_1	229	2	0.9913	float
self_report_itemwise.hcl16_3_10	229	2	0.9913	float
self_report_itemwise.hcl16_3_11	229	2	0.9913	float
self_report_itemwise.hcl16_3_12	229	2	0.9913	float
self_report_itemwise.hcl16_3_13	229	2	0.9913	float
self_report_itemwise.hcl16_3_14	229	2	0.9913	float
self_report_itemwise.hcl16_3_15	229	2	0.9913	float
self_report_itemwise.hcl16_3_16	229	2	0.9913	float
self_report_itemwise.hcl16_3_2	229	2	0.9913	float
self_report_itemwise.hcl16_3_3	229	2	0.9913	float
self_report_itemwise.hcl16_3_4	229	2	0.9913	float
self_report_itemwise.hcl16_3_5	229	2	0.9913	float
self_report_itemwise.hcl16_3_6	229	2	0.9913	float
self_report_itemwise.hcl16_3_7	229	2	0.9913	float
self_report_itemwise.hcl16_3_8	229	2	0.9913	float
self_report_itemwise.hcl16_3_9	229	2	0.9913	float
self_report_itemwise.hcl16_4	229	2	0.9913	float
self_report_itemwise.hcl16_5_1	190	41	0.8225	float
self_report_itemwise.hcl16_5_2	189	42	0.8182	float
self_report_itemwise.hcl16_5_3	189	42	0.8182	float
self_report_itemwise.hcl16_5_4	184	47	0.7965	float
self_report_itemwise.hcl16_6	189	42	0.8182	float
self_report_itemwise.hcl16_7	145	86	0.6277	float
self_report_itemwise.hcl16_8	146	85	0.6320	float
self_report_itemwise.hcl16_9	122	109	0.5281	float
self_report_itemwise.hcl16_complete	230	1	0.9957	int
self_report_itemwise.mapssr_1	173	58	0.7489	float
self_report_itemwise.mapssr_10	173	58	0.7489	float
self_report_itemwise.mapssr_11	173	58	0.7489	float
self_report_itemwise.mapssr_12	173	58	0.7489	float
self_report_itemwise.mapssr_13	173	58	0.7489	float
self_report_itemwise.mapssr_14	173	58	0.7489	float
self_report_itemwise.mapssr_15	173	58	0.7489	float
self_report_itemwise.mapssr_2	173	58	0.7489	float
self_report_itemwise.mapssr_3	173	58	0.7489	float
self_report_itemwise.mapssr_4	173	58	0.7489	float
self_report_itemwise.mapssr_5	173	58	0.7489	float
self_report_itemwise.mapssr_6	173	58	0.7489	float
self_report_itemwise.mapssr_7	173	58	0.7489	float
self_report_itemwise.mapssr_8	173	58	0.7489	float
self_report_itemwise.mapssr_9	173	58	0.7489	float
self_report_itemwise.mapssr_complete	230	1	0.9957	int
self_report_itemwise.phys_anhed_1	230	1	0.9957	int
self_report_itemwise.phys_anhed_10	230	1	0.9957	int
self_report_itemwise.phys_anhed_11	230	1	0.9957	int
self_report_itemwise.phys_anhed_12	230	1	0.9957	int
self_report_itemwise.phys_anhed_13	230	1	0.9957	int
self_report_itemwise.phys_anhed_14	230	1	0.9957	int
self_report_itemwise.phys_anhed_15	230	1	0.9957	int
self_report_itemwise.phys_anhed_2	230	1	0.9957	int
self_report_itemwise.phys_anhed_3	230	1	0.9957	int
self_report_itemwise.phys_anhed_4	230	1	0.9957	int
self_report_itemwise.phys_anhed_5	230	1	0.9957	int
self_report_itemwise.phys_anhed_6	230	1	0.9957	int
self_report_itemwise.phys_anhed_7	230	1	0.9957	int
self_report_itemwise.phys_anhed_8	230	1	0.9957	int
self_report_itemwise.phys_anhed_9	230	1	0.9957	int
self_report_itemwise.phys_anhed_complete	230	1	0.9957	int
self_report_itemwise.pittsburgh_sleep_quality_index_psqi_complete	230	1	0.9957	int
self_report_itemwise.psqi_1	84	147	0.3636	float
self_report_itemwise.psqi_10	84	147	0.3636	float
self_report_itemwise.psqi_10a	29	202	0.1255	float
self_report_itemwise.psqi_10b	29	202	0.1255	float
self_report_itemwise.psqi_10c	29	202	0.1255	float
self_report_itemwise.psqi_10d	29	202	0.1255	float
self_report_itemwise.psqi_10e	7	224	0.0303	str
self_report_itemwise.psqi_10e1	24	207	0.1039	float
self_report_itemwise.psqi_1_text	30	201	0.1299	str
self_report_itemwise.psqi_2	84	147	0.3636	float
self_report_itemwise.psqi_2_text	30	201	0.1299	float
self_report_itemwise.psqi_3	84	147	0.3636	float
self_report_itemwise.psqi_3_text	30	201	0.1299	str
self_report_itemwise.psqi_4	84	147	0.3636	float
self_report_itemwise.psqi_4_text	30	201	0.1299	float
self_report_itemwise.psqi_5_other	19	212	0.0823	str
self_report_itemwise.psqi_5a	84	147	0.3636	float
self_report_itemwise.psqi_5b	84	147	0.3636	float
self_report_itemwise.psqi_5c	84	147	0.3636	float
self_report_itemwise.psqi_5d	84	147	0.3636	float
self_report_itemwise.psqi_5e	84	147	0.3636	float
self_report_itemwise.psqi_5f	84	147	0.3636	float
self_report_itemwise.psqi_5g	84	147	0.3636	float
self_report_itemwise.psqi_5h	84	147	0.3636	float
self_report_itemwise.psqi_5i	84	147	0.3636	float
self_report_itemwise.psqi_5othera	84	147	0.3636	float
self_report_itemwise.psqi_6	84	147	0.3636	float
self_report_itemwise.psqi_7	84	147	0.3636	float
self_report_itemwise.psqi_8	84	147	0.3636	float
self_report_itemwise.psqi_9	84	147	0.3636	float
self_report_itemwise.redcapid	230	1	0.9957	int
self_report_itemwise.rpaq_1	230	1	0.9957	int
self_report_itemwise.rpaq_10	230	1	0.9957	int
self_report_itemwise.rpaq_11	230	1	0.9957	int
self_report_itemwise.rpaq_12	230	1	0.9957	int
self_report_itemwise.rpaq_13	230	1	0.9957	int
self_report_itemwise.rpaq_14	230	1	0.9957	int
self_report_itemwise.rpaq_15	230	1	0.9957	int
self_report_itemwise.rpaq_16	230	1	0.9957	int
self_report_itemwise.rpaq_17	230	1	0.9957	int
self_report_itemwise.rpaq_18	230	1	0.9957	int
self_report_itemwise.rpaq_19	230	1	0.9957	int
self_report_itemwise.rpaq_2	230	1	0.9957	int
self_report_itemwise.rpaq_20	230	1	0.9957	int
self_report_itemwise.rpaq_21	230	1	0.9957	int
self_report_itemwise.rpaq_22	230	1	0.9957	int
self_report_itemwise.rpaq_23	230	1	0.9957	int
self_report_itemwise.rpaq_3	230	1	0.9957	int
self_report_itemwise.rpaq_4	230	1	0.9957	int
self_report_itemwise.rpaq_5	230	1	0.9957	int
self_report_itemwise.rpaq_6	230	1	0.9957	int
self_report_itemwise.rpaq_7	230	1	0.9957	int
self_report_itemwise.rpaq_8	230	1	0.9957	int
self_report_itemwise.rpaq_9	230	1	0.9957	int
self_report_itemwise.rpaq_complete	230	1	0.9957	int
self_report_itemwise.scales_complete	219	12	0.9481	float
self_report_itemwise.scared_1	230	1	0.9957	int
self_report_itemwise.scared_10	230	1	0.9957	int
self_report_itemwise.scared_11	230	1	0.9957	int
self_report_itemwise.scared_12	230	1	0.9957	int
self_report_itemwise.scared_13	230	1	0.9957	int
self_report_itemwise.scared_14	230	1	0.9957	int
self_report_itemwise.scared_15	230	1	0.9957	int
self_report_itemwise.scared_16	230	1	0.9957	int
self_report_itemwise.scared_17	230	1	0.9957	int
self_report_itemwise.scared_18	230	1	0.9957	int
self_report_itemwise.scared_19	230	1	0.9957	int
self_report_itemwise.scared_2	230	1	0.9957	int
self_report_itemwise.scared_20	230	1	0.9957	int
self_report_itemwise.scared_21	230	1	0.9957	int
self_report_itemwise.scared_22	230	1	0.9957	int
self_report_itemwise.scared_23	230	1	0.9957	int
self_report_itemwise.scared_24	230	1	0.9957	int
self_report_itemwise.scared_25	230	1	0.9957	int
self_report_itemwise.scared_26	230	1	0.9957	int
self_report_itemwise.scared_27	230	1	0.9957	int
self_report_itemwise.scared_28	230	1	0.9957	int
self_report_itemwise.scared_29	230	1	0.9957	int
self_report_itemwise.scared_3	230	1	0.9957	int
self_report_itemwise.scared_30	230	1	0.9957	int
self_report_itemwise.scared_31	230	1	0.9957	int
self_report_itemwise.scared_32	230	1	0.9957	int
self_report_itemwise.scared_33	230	1	0.9957	int
self_report_itemwise.scared_34	230	1	0.9957	int
self_report_itemwise.scared_35	230	1	0.9957	int
self_report_itemwise.scared_36	230	1	0.9957	int
self_report_itemwise.scared_37	230	1	0.9957	int
self_report_itemwise.scared_38	230	1	0.9957	int
self_report_itemwise.scared_39	230	1	0.9957	int
self_report_itemwise.scared_4	230	1	0.9957	int
self_report_itemwise.scared_40	230	1	0.9957	int
self_report_itemwise.scared_41	230	1	0.9957	int
self_report_itemwise.scared_5	230	1	0.9957	int
self_report_itemwise.scared_6	230	1	0.9957	int
self_report_itemwise.scared_7	230	1	0.9957	int
self_report_itemwise.scared_8	230	1	0.9957	int
self_report_itemwise.scared_9	230	1	0.9957	int
self_report_itemwise.scared_proband_complete	230	1	0.9957	int
self_report_itemwise.soc_anhed_1	230	1	0.9957	int
self_report_itemwise.soc_anhed_10	230	1	0.9957	int
self_report_itemwise.soc_anhed_11	230	1	0.9957	int
self_report_itemwise.soc_anhed_12	230	1	0.9957	int
self_report_itemwise.soc_anhed_13	230	1	0.9957	int
self_report_itemwise.soc_anhed_14	230	1	0.9957	int
self_report_itemwise.soc_anhed_15	230	1	0.9957	int
self_report_itemwise.soc_anhed_2	230	1	0.9957	int
self_report_itemwise.soc_anhed_3	230	1	0.9957	int
self_report_itemwise.soc_anhed_4	230	1	0.9957	int
self_report_itemwise.soc_anhed_5	230	1	0.9957	int
self_report_itemwise.soc_anhed_6	230	1	0.9957	int
self_report_itemwise.soc_anhed_7	230	1	0.9957	int
self_report_itemwise.soc_anhed_8	230	1	0.9957	int
self_report_itemwise.soc_anhed_9	230	1	0.9957	int
self_report_itemwise.soc_anhed_complete	230	1	0.9957	int
self_report_itemwise.statetrait_scales_admin_complete	230	1	0.9957	int
self_report_itemwise.statetrait_scales_comments_complete	230	1	0.9957	int
self_report_itemwise.statetrait_scales_validation_complete	230	1	0.9957	int
self_report_itemwise.statetrait_vcode	230	1	0.9957	str
self_report_itemwise.swan_1	230	1	0.9957	int
self_report_itemwise.swan_10	230	1	0.9957	int
self_report_itemwise.swan_11	230	1	0.9957	int
self_report_itemwise.swan_12	230	1	0.9957	int
self_report_itemwise.swan_13	230	1	0.9957	int
self_report_itemwise.swan_14	230	1	0.9957	int
self_report_itemwise.swan_15	230	1	0.9957	int
self_report_itemwise.swan_16	230	1	0.9957	int
self_report_itemwise.swan_17	230	1	0.9957	int
self_report_itemwise.swan_18	230	1	0.9957	int
self_report_itemwise.swan_2	230	1	0.9957	int
self_report_itemwise.swan_3	230	1	0.9957	int
self_report_itemwise.swan_4	230	1	0.9957	int
self_report_itemwise.swan_5	230	1	0.9957	int
self_report_itemwise.swan_6	230	1	0.9957	int
self_report_itemwise.swan_7	230	1	0.9957	int
self_report_itemwise.swan_8	230	1	0.9957	int
self_report_itemwise.swan_9	230	1	0.9957	int
self_report_itemwise.swan_proband_complete	230	1	0.9957	int
self_report_scored.ADHD_Combined	1	230	0.0043	int
self_report_scored.ADHD_Hyperactive	1	230	0.0043	int
self_report_scored.ADHD_Inattentive	1	230	0.0043	int
self_report_scored.AnxietyDisorder	1	230	0.0043	int
self_report_scored.NoADHD	1	230	0.0043	int
self_report_scored.aces_total	1	230	0.0043	float
self_report_scored.ari_avg	1	230	0.0043	float
self_report_scored.ari_total	1	230	0.0043	int
self_report_scored.basdrive_total	1	230	0.0043	int
self_report_scored.basfun_total	1	230	0.0043	int
self_report_scored.basreward_total	1	230	0.0043	int
self_report_scored.bdi_total	1	230	0.0043	int
self_report_scored.bistotal	1	230	0.0043	int
self_report_scored.bss_boredom	1	230	0.0043	float
self_report_scored.bss_disinhibition	1	230	0.0043	float
self_report_scored.bss_experience	1	230	0.0043	float
self_report_scored.bss_mean	1	230	0.0043	float
self_report_scored.bss_thrill	1	230	0.0043	float
self_report_scored.grit_grittiness	1	230	0.0043	float
self_report_scored.grit_openness	1	230	0.0043	float
self_report_scored.hcl_total	1	230	0.0043	int
self_report_scored.rpaq_proactivetotal	1	230	0.0043	int
self_report_scored.rpaq_reactivetotal	1	230	0.0043	int
self_report_scored.rpasshort_total	1	230	0.0043	int
self_report_scored.rsasshort_total	1	230	0.0043	int
self_report_scored.scared_total	1	230	0.0043	int
self_report_summary.aces_score_total	185	46	0.8009	float,int
self_report_summary.als_score_avg	166	65	0.7186	float,int
self_report_summary.ari_score_avg	222	9	0.9610	float,int
self_report_summary.ari_score_total	222	9	0.9610	int
self_report_summary.bas_score_driveTotal	222	9	0.9610	int
self_report_summary.bas_score_funTotal	222	9	0.9610	int
self_report_summary.bas_score_rewardTotal	222	9	0.9610	int
self_report_summary.bdi_score_total	222	9	0.9610	int
self_report_summary.best_score_finalNoComponentC	69	162	0.2987	float
self_report_summary.best_score_subscaleA	69	162	0.2987	float
self_report_summary.best_score_subscaleB	69	162	0.2987	float
self_report_summary.bis_score_total	222	9	0.9610	int
self_report_summary.bss_score_boredom	222	9	0.9610	float,int
self_report_summary.bss_score_disinhibition	222	9	0.9610	float,int
self_report_summary.bss_score_experience	222	9	0.9610	float,int
self_report_summary.bss_score_mean	222	9	0.9610	float,int
self_report_summary.bss_score_thrill	222	9	0.9610	float,int
self_report_summary.eswanADHD_score_combined	222	9	0.9610	int
self_report_summary.eswanADHD_score_hyperactive	222	9	0.9610	int
self_report_summary.eswanADHD_score_inattentive	222	9	0.9610	int
self_report_summary.eswanADHD_score_noADHD	222	9	0.9610	int
self_report_summary.eswanDMDD_score_friendOutburst	72	159	0.3117	float
self_report_summary.eswanDMDD_score_homeOutburst	78	153	0.3377	float
self_report_summary.eswanDMDD_score_schoolOutburst	77	154	0.3333	float
self_report_summary.eswanDMDD_score_total	71	160	0.3074	float
self_report_summary.grit_score_grittiness	222	9	0.9610	float,int
self_report_summary.grit_score_openness	222	9	0.9610	float,int
self_report_summary.hcl_score_total	221	10	0.9567	float,int
self_report_summary.psqi_score_component1	76	155	0.3290	float
self_report_summary.psqi_score_component2	76	155	0.3290	float
self_report_summary.psqi_score_component3	75	156	0.3247	float
self_report_summary.psqi_score_component4	74	157	0.3203	float
self_report_summary.psqi_score_component5	76	155	0.3290	float
self_report_summary.psqi_score_component6	76	155	0.3290	float
self_report_summary.psqi_score_component7	76	155	0.3290	float
self_report_summary.psqi_score_global	73	158	0.3160	float
self_report_summary.rpaq_score_proactiveTotal	222	9	0.9610	int
self_report_summary.rpaq_score_reactiveTotal	222	9	0.9610	int
self_report_summary.rpasShort_score_total	222	9	0.9610	int
self_report_summary.rsasShort_score_total	222	9	0.9610	int
self_report_summary.scared_score_anxietyDisorder	222	9	0.9610	int
self_report_summary.scared_score_total	222	9	0.9610	int
tanner_substance_spq.admin_age	159	72	0.6883	int
tanner_substance_spq.admin_sex	159	72	0.6883	int
tanner_substance_spq.bbl_assessor	159	72	0.6883	str
tanner_substance_spq.bbl_location	159	72	0.6883	str
tanner_substance_spq.bbl_protocol	159	72	0.6883	str
tanner_substance_spq.developmental_scales_admin_complete	159	72	0.6883	int
tanner_substance_spq.developmental_scales_validation_complete	159	72	0.6883	int
tanner_substance_spq.drugs_club___0	159	72	0.6883	int
tanner_substance_spq.drugs_club___1	159	72	0.6883	int
tanner_substance_spq.drugs_club___2	159	72	0.6883	int
tanner_substance_spq.drugs_club___3	159	72	0.6883	int
tanner_substance_spq.drugs_club___4	159	72	0.6883	int
tanner_substance_spq.drugs_club___5	159	72	0.6883	int
tanner_substance_spq.drugs_depressants___0	159	72	0.6883	int
tanner_substance_spq.drugs_depressants___1	159	72	0.6883	int
tanner_substance_spq.drugs_depressants___2	159	72	0.6883	int
tanner_substance_spq.drugs_depressants___3	159	72	0.6883	int
tanner_substance_spq.drugs_depressants___4	159	72	0.6883	int
tanner_substance_spq.drugs_depressants___5	159	72	0.6883	int
tanner_substance_spq.drugs_hallucinogens___0	159	72	0.6883	int
tanner_substance_spq.drugs_hallucinogens___1	159	72	0.6883	int
tanner_substance_spq.drugs_hallucinogens___10	159	72	0.6883	int
tanner_substance_spq.drugs_hallucinogens___2	159	72	0.6883	int
tanner_substance_spq.drugs_hallucinogens___3	159	72	0.6883	int
tanner_substance_spq.drugs_hallucinogens___4	159	72	0.6883	int
tanner_substance_spq.drugs_hallucinogens___5	159	72	0.6883	int
tanner_substance_spq.drugs_hallucinogens___6	159	72	0.6883	int
tanner_substance_spq.drugs_hallucinogens___7	159	72	0.6883	int
tanner_substance_spq.drugs_hallucinogens___8	159	72	0.6883	int
tanner_substance_spq.drugs_hallucinogens___9	159	72	0.6883	int
tanner_substance_spq.drugs_opiates___0	159	72	0.6883	str
tanner_substance_spq.drugs_opiates___1	159	72	0.6883	int
tanner_substance_spq.drugs_opiates___2	159	72	0.6883	int
tanner_substance_spq.drugs_opiates___3	159	72	0.6883	int
tanner_substance_spq.drugs_opiates___4	159	72	0.6883	int
tanner_substance_spq.drugs_opiates___5	159	72	0.6883	int
tanner_substance_spq.drugs_stimulants___0	159	72	0.6883	int
tanner_substance_spq.drugs_stimulants___1	159	72	0.6883	int
tanner_substance_spq.drugs_stimulants___2	159	72	0.6883	int
tanner_substance_spq.drugs_stimulants___3	159	72	0.6883	int
tanner_substance_spq.drugs_stimulants___4	159	72	0.6883	int
tanner_substance_spq.drugs_stimulants___5	159	72	0.6883	int
tanner_substance_spq.redcapid	159	72	0.6883	int
tanner_substance_spq.scales_complete	14	217	0.0606	float
tanner_substance_spq.spq_complete	159	72	0.6883	int
tanner_substance_spq.spq_cons_affect	153	78	0.6623	float
tanner_substance_spq.spq_def_tscale	159	72	0.6883	int
tanner_substance_spq.spq_defensive	152	79	0.6580	float
tanner_substance_spq.spq_factor_1	154	77	0.6667	float
tanner_substance_spq.spq_factor_2	153	78	0.6623	float
tanner_substance_spq.spq_factor_3	153	78	0.6623	float
tanner_substance_spq.spq_factor_cnb_match	153	78	0.6623	float
tanner_substance_spq.spq_ideas_ref	154	77	0.6667	float
tanner_substance_spq.spq_infrequency	154	77	0.6667	float
tanner_substance_spq.spq_lie	153	78	0.6623	float
tanner_substance_spq.spq_lie_tscale	159	72	0.6883	int
tanner_substance_spq.spq_magical	154	77	0.6667	float
tanner_substance_spq.spq_no_friends	154	77	0.6667	float
tanner_substance_spq.spq_odd_behav	153	78	0.6623	float
tanner_substance_spq.spq_odd_speech	154	77	0.6667	float
tanner_substance_spq.spq_percep	154	77	0.6667	float
tanner_substance_spq.spq_q_1	155	76	0.6710	float
tanner_substance_spq.spq_q_10	155	76	0.6710	float
tanner_substance_spq.spq_q_100	154	77	0.6667	float
tanner_substance_spq.spq_q_101	154	77	0.6667	float
tanner_substance_spq.spq_q_102	154	77	0.6667	float
tanner_substance_spq.spq_q_103	154	77	0.6667	float
tanner_substance_spq.spq_q_104	154	77	0.6667	float
tanner_substance_spq.spq_q_105	154	77	0.6667	float
tanner_substance_spq.spq_q_106	154	77	0.6667	float
tanner_substance_spq.spq_q_107	154	77	0.6667	float
tanner_substance_spq.spq_q_108	154	77	0.6667	float
tanner_substance_spq.spq_q_109	154	77	0.6667	float
tanner_substance_spq.spq_q_11	155	76	0.6710	float
tanner_substance_spq.spq_q_110	154	77	0.6667	float
tanner_substance_spq.spq_q_111	154	77	0.6667	float
tanner_substance_spq.spq_q_112	153	78	0.6623	float
tanner_substance_spq.spq_q_113	154	77	0.6667	float
tanner_substance_spq.spq_q_114	154	77	0.6667	float
tanner_substance_spq.spq_q_115	154	77	0.6667	float
tanner_substance_spq.spq_q_116	154	77	0.6667	float
tanner_substance_spq.spq_q_117	154	77	0.6667	float
tanner_substance_spq.spq_q_118	154	77	0.6667	float
tanner_substance_spq.spq_q_119	154	77	0.6667	float
tanner_substance_spq.spq_q_12	155	76	0.6710	float
tanner_substance_spq.spq_q_120	154	77	0.6667	float
tanner_substance_spq.spq_q_121	154	77	0.6667	float
tanner_substance_spq.spq_q_122	154	77	0.6667	float
tanner_substance_spq.spq_q_123	154	77	0.6667	float
tanner_substance_spq.spq_q_124	154	77	0.6667	float
tanner_substance_spq.spq_q_125	154	77	0.6667	float
tanner_substance_spq.spq_q_126	154	77	0.6667	float
tanner_substance_spq.spq_q_13	155	76	0.6710	float
tanner_substance_spq.spq_q_14	155	76	0.6710	float
tanner_substance_spq.spq_q_15	155	76	0.6710	float
tanner_substance_spq.spq_q_16	155	76	0.6710	float
tanner_substance_spq.spq_q_17	155	76	0.6710	float
tanner_substance_spq.spq_q_18	154	77	0.6667	float
tanner_substance_spq.spq_q_19	155	76	0.6710	float
tanner_substance_spq.spq_q_2	155	76	0.6710	float
tanner_substance_spq.spq_q_20	154	77	0.6667	float
tanner_substance_spq.spq_q_21	155	76	0.6710	float
tanner_substance_spq.spq_q_22	155	76	0.6710	float
tanner_substance_spq.spq_q_23	155	76	0.6710	float
tanner_substance_spq.spq_q_24	155	76	0.6710	float
tanner_substance_spq.spq_q_25	155	76	0.6710	float
tanner_substance_spq.spq_q_26	155	76	0.6710	float
tanner_substance_spq.spq_q_27	155	76	0.6710	float
tanner_substance_spq.spq_q_28	155	76	0.6710	float
tanner_substance_spq.spq_q_29	155	76	0.6710	float
tanner_substance_spq.spq_q_3	155	76	0.6710	float
tanner_substance_spq.spq_q_30	155	76	0.6710	float
tanner_substance_spq.spq_q_31	155	76	0.6710	float
tanner_substance_spq.spq_q_32	155	76	0.6710	float
tanner_substance_spq.spq_q_33	155	76	0.6710	float
tanner_substance_spq.spq_q_34	155	76	0.6710	float
tanner_substance_spq.spq_q_35	154	77	0.6667	float
tanner_substance_spq.spq_q_36	155	76	0.6710	float
tanner_substance_spq.spq_q_37	155	76	0.6710	float
tanner_substance_spq.spq_q_38	155	76	0.6710	float
tanner_substance_spq.spq_q_39	155	76	0.6710	float
tanner_substance_spq.spq_q_4	155	76	0.6710	float
tanner_substance_spq.spq_q_40	155	76	0.6710	float
tanner_substance_spq.spq_q_41	155	76	0.6710	float
tanner_substance_spq.spq_q_42	155	76	0.6710	float
tanner_substance_spq.spq_q_43	155	76	0.6710	float
tanner_substance_spq.spq_q_44	155	76	0.6710	float
tanner_substance_spq.spq_q_45	155	76	0.6710	float
tanner_substance_spq.spq_q_46	155	76	0.6710	float
tanner_substance_spq.spq_q_47	155	76	0.6710	float
tanner_substance_spq.spq_q_48	155	76	0.6710	float
tanner_substance_spq.spq_q_49	155	76	0.6710	float
tanner_substance_spq.spq_q_5	155	76	0.6710	float
tanner_substance_spq.spq_q_50	155	76	0.6710	float
tanner_substance_spq.spq_q_51	155	76	0.6710	float
tanner_substance_spq.spq_q_52	155	76	0.6710	float
tanner_substance_spq.spq_q_53	155	76	0.6710	float
tanner_substance_spq.spq_q_54	155	76	0.6710	float
tanner_substance_spq.spq_q_55	155	76	0.6710	float
tanner_substance_spq.spq_q_56	155	76	0.6710	float
tanner_substance_spq.spq_q_57	155	76	0.6710	float
tanner_substance_spq.spq_q_58	155	76	0.6710	float
tanner_substance_spq.spq_q_59	155	76	0.6710	float
tanner_substance_spq.spq_q_6	155	76	0.6710	float
tanner_substance_spq.spq_q_60	155	76	0.6710	float
tanner_substance_spq.spq_q_61	155	76	0.6710	float
tanner_substance_spq.spq_q_62	155	76	0.6710	float
tanner_substance_spq.spq_q_63	155	76	0.6710	float
tanner_substance_spq.spq_q_64	155	76	0.6710	float
tanner_substance_spq.spq_q_65	155	76	0.6710	float
tanner_substance_spq.spq_q_66	155	76	0.6710	float
tanner_substance_spq.spq_q_67	155	76	0.6710	float
tanner_substance_spq.spq_q_68	155	76	0.6710	float
tanner_substance_spq.spq_q_69	155	76	0.6710	float
tanner_substance_spq.spq_q_7	155	76	0.6710	float
tanner_substance_spq.spq_q_70	155	76	0.6710	float
tanner_substance_spq.spq_q_71	155	76	0.6710	float
tanner_substance_spq.spq_q_72	155	76	0.6710	float
tanner_substance_spq.spq_q_73	155	76	0.6710	float
tanner_substance_spq.spq_q_74	155	76	0.6710	float
tanner_substance_spq.spq_q_75	155	76	0.6710	float
tanner_substance_spq.spq_q_76	155	76	0.6710	float
tanner_substance_spq.spq_q_77	154	77	0.6667	float
tanner_substance_spq.spq_q_78	155	76	0.6710	float
tanner_substance_spq.spq_q_79	155	76	0.6710	float
tanner_substance_spq.spq_q_8	155	76	0.6710	float
tanner_substance_spq.spq_q_80	155	76	0.6710	float
tanner_substance_spq.spq_q_81	155	76	0.6710	float
tanner_substance_spq.spq_q_82	155	76	0.6710	float
tanner_substance_spq.spq_q_83	155	76	0.6710	float
tanner_substance_spq.spq_q_84	155	76	0.6710	float
tanner_substance_spq.spq_q_85	155	76	0.6710	float
tanner_substance_spq.spq_q_86	155	76	0.6710	float
tanner_substance_spq.spq_q_87	155	76	0.6710	float
tanner_substance_spq.spq_q_88	155	76	0.6710	float
tanner_substance_spq.spq_q_89	155	76	0.6710	float
tanner_substance_spq.spq_q_9	155	76	0.6710	float
tanner_substance_spq.spq_q_90	155	76	0.6710	float
tanner_substance_spq.spq_q_91	155	76	0.6710	float
tanner_substance_spq.spq_q_92	155	76	0.6710	float
tanner_substance_spq.spq_q_93	154	77	0.6667	float
tanner_substance_spq.spq_q_94	154	77	0.6667	float
tanner_substance_spq.spq_q_95	154	77	0.6667	float
tanner_substance_spq.spq_q_96	154	77	0.6667	float
tanner_substance_spq.spq_q_97	154	77	0.6667	float
tanner_substance_spq.spq_q_98	154	77	0.6667	float
tanner_substance_spq.spq_q_99	154	77	0.6667	float
tanner_substance_spq.spq_scores_complete	159	72	0.6883	int
tanner_substance_spq.spq_social_anx	154	77	0.6667	float
tanner_substance_spq.spq_spq	152	79	0.6580	float
tanner_substance_spq.spq_suspicious	154	77	0.6667	float
tanner_substance_spq.spq_validity	152	79	0.6580	float
tanner_substance_spq.spq_vcode	147	84	0.6364	str
tanner_substance_spq.substance_alc_010	157	74	0.6797	float
tanner_substance_spq.substance_alc_020	134	97	0.5801	float
tanner_substance_spq.substance_alc_030	99	132	0.4286	float
tanner_substance_spq.substance_alc_050	88	143	0.3810	float
tanner_substance_spq.substance_alc_060	6	225	0.0260	float
tanner_substance_spq.substance_alc_100	92	139	0.3983	float
tanner_substance_spq.substance_alc_110	91	140	0.3939	float
tanner_substance_spq.substance_alc_120	91	140	0.3939	float
tanner_substance_spq.substance_alc_130	88	143	0.3810	float
tanner_substance_spq.substance_alc_140	88	143	0.3810	float
tanner_substance_spq.substance_alc_150	81	150	0.3506	float
tanner_substance_spq.substance_alc_160	82	149	0.3550	float
tanner_substance_spq.substance_alcexp_yn01	132	99	0.5714	float
tanner_substance_spq.substance_alcexp_yn02	131	100	0.5671	float
tanner_substance_spq.substance_alcexp_yn03	128	103	0.5541	float
tanner_substance_spq.substance_alcexp_yn04	128	103	0.5541	float
tanner_substance_spq.substance_alcexp_yn05	128	103	0.5541	float
tanner_substance_spq.substance_alcexp_yn06	129	102	0.5584	float
tanner_substance_spq.substance_alcexp_yn07	129	102	0.5584	float
tanner_substance_spq.substance_alcexp_yn08	128	103	0.5541	float
tanner_substance_spq.substance_alcexp_yn09	130	101	0.5628	float
tanner_substance_spq.substance_alcexp_yn10	127	104	0.5498	float
tanner_substance_spq.substance_alcexp_yn11	128	103	0.5541	float
tanner_substance_spq.substance_alcexp_yn12	125	106	0.5411	float
tanner_substance_spq.substance_complete	159	72	0.6883	int
tanner_substance_spq.substance_mar_010	155	76	0.6710	float
tanner_substance_spq.substance_mar_020	88	143	0.3810	float
tanner_substance_spq.substance_mar_040	60	171	0.2597	float
tanner_substance_spq.substance_mar_050	24	207	0.1039	float
tanner_substance_spq.substance_mar_100___1	159	72	0.6883	int
tanner_substance_spq.substance_mar_100___2	159	72	0.6883	int
tanner_substance_spq.substance_mar_100___3	159	72	0.6883	int
tanner_substance_spq.substance_mar_100___4	159	72	0.6883	int
tanner_substance_spq.substance_mar_100___5	159	72	0.6883	int
tanner_substance_spq.substance_mar_100___6	159	72	0.6883	float
tanner_substance_spq.substance_marexp_yn01	88	143	0.3810	float
tanner_substance_spq.substance_marexp_yn02	87	144	0.3766	float
tanner_substance_spq.substance_marexp_yn03	87	144	0.3766	float
tanner_substance_spq.substance_marexp_yn04	86	145	0.3723	float
tanner_substance_spq.substance_marexp_yn05	87	144	0.3766	float
tanner_substance_spq.substance_marexp_yn06	87	144	0.3766	float
tanner_substance_spq.substance_marexp_yn07	87	144	0.3766	float
tanner_substance_spq.substance_marexp_yn08	87	144	0.3766	float
tanner_substance_spq.substance_marexp_yn09	87	144	0.3766	float
tanner_substance_spq.substance_marexp_yn10	87	144	0.3766	float
tanner_substance_spq.substance_marexp_yn11	87	144	0.3766	float
tanner_substance_spq.substance_marexp_yn12	89	142	0.3853	float
tanner_substance_spq.substance_othr_010	156	75	0.6753	float
tanner_substance_spq.substance_othr_011	18	213	0.0779	float
tanner_substance_spq.substance_othr_012	7	224	0.0303	float
tanner_substance_spq.substance_othr_020	153	78	0.6623	float
tanner_substance_spq.substance_othr_021	9	222	0.0390	float
tanner_substance_spq.substance_othr_022	10	221	0.0433	float
tanner_substance_spq.substance_othr_030	157	74	0.6797	float
tanner_substance_spq.substance_othr_040	157	74	0.6797	float
tanner_substance_spq.substance_othr_050	157	74	0.6797	float
tanner_substance_spq.substance_othr_060	157	74	0.6797	float
tanner_substance_spq.substance_othr_070	152	79	0.6580	float
tanner_substance_spq.substance_othr_071	13	218	0.0563	float
tanner_substance_spq.substance_othr_072	17	214	0.0736	float
tanner_substance_spq.substance_othr_080	156	75	0.6753	float
tanner_substance_spq.substance_othr_090	157	74	0.6797	float
tanner_substance_spq.substance_othr_100	154	77	0.6667	float
tanner_substance_spq.substance_othr_101	4	227	0.0173	float
tanner_substance_spq.substance_othr_102	5	226	0.0216	float
tanner_substance_spq.substance_othr_110	152	79	0.6580	float
tanner_substance_spq.substance_othr_112	4	227	0.0173	float
tanner_substance_spq.substance_othr_120	157	74	0.6797	float
tanner_substance_spq.substance_othr_130	156	75	0.6753	float
tanner_substance_spq.substance_othr_140	157	74	0.6797	float
tanner_substance_spq.substance_othr_150	157	74	0.6797	float
tanner_substance_spq.substance_othr_160	157	74	0.6797	float
tanner_substance_spq.substance_othr_170	157	74	0.6797	float
tanner_substance_spq.substance_practice_age	157	74	0.6797	float
tanner_substance_spq.substance_practice_fam___1	159	72	0.6883	int
tanner_substance_spq.substance_practice_fam___2	159	72	0.6883	int
tanner_substance_spq.substance_practice_fam___3	159	72	0.6883	int
tanner_substance_spq.substance_practice_fam___4	159	72	0.6883	int
tanner_substance_spq.substance_practice_fam___5	159	72	0.6883	int
tanner_substance_spq.substance_practice_fam___6	159	72	0.6883	int
tanner_substance_spq.substance_tob_010	157	74	0.6797	float
tanner_substance_spq.substance_tob_020___1	159	72	0.6883	int
tanner_substance_spq.substance_tob_020___2	159	72	0.6883	int
tanner_substance_spq.substance_tob_020___3	158	73	0.6840	float
tanner_substance_spq.substance_tob_030	60	171	0.2597	float
tanner_substance_spq.substance_tob_040	60	171	0.2597	float
tanner_substance_spq.substance_tob_060	26	205	0.1126	float
tanner_substance_spq.substance_tob_070	12	219	0.0519	float
tanner_substance_spq.substance_tob_080	12	219	0.0519	float
tanner_substance_spq.substance_tob_090	3	228	0.0130	float
tanner_substance_spq.substance_tob_100	2	229	0.0087	float
tanner_substance_spq.substance_tob_110	1	230	0.0043	float
tanner_substance_spq.substance_tob_120	26	205	0.1126	float
tanner_substance_spq.substance_tob_130	12	219	0.0519	float
tanner_substance_spq.substance_tob_140	6	225	0.0260	float
tanner_substance_spq.substance_vcode	153	78	0.6623	str
tanner_substance_spq.tanner_boy_1	57	174	0.2468	float
tanner_substance_spq.tanner_boy_2	57	174	0.2468	float
tanner_substance_spq.tanner_boy_3	57	174	0.2468	float
tanner_substance_spq.tanner_boy_4	57	174	0.2468	float
tanner_substance_spq.tanner_boy_5	57	174	0.2468	float
tanner_substance_spq.tanner_boy_6	57	174	0.2468	float
tanner_substance_spq.tanner_developmental_boys_complete	159	72	0.6883	int
tanner_substance_spq.tanner_developmental_girls_complete	159	72	0.6883	int
tanner_substance_spq.tanner_girl_1	99	132	0.4286	float
tanner_substance_spq.tanner_girl_2	99	132	0.4286	float
tanner_substance_spq.tanner_girl_3	100	131	0.4329	float
tanner_substance_spq.tanner_girl_4	96	135	0.4156	float
tanner_substance_spq.tanner_girl_5	100	131	0.4329	float
tanner_substance_spq.tanner_girl_6	99	132	0.4286	float
tanner_substance_spq.tanner_girl_7	99	132	0.4286	float
tanner_substance_spq.tanner_girl_8	99	132	0.4286	float
tanner_substance_spq.tannerb_vcode	55	176	0.2381	str
tanner_substance_spq.tannerg_vcode	100	131	0.4329	str
